2025-04-03 10:48:17,227 - DEBUG: (0.000) 
            SELECT name, type FROM sqlite_master
            WHERE type in ('table', 'view') AND NOT name='sqlite_sequence'
            ORDER BY name; args=None
2025-04-03 10:48:17,227 - DEBUG: (0.000) SELECT "django_migrations"."id", "django_migrations"."app", "django_migrations"."name", "django_migrations"."applied" FROM "django_migrations"; args=()
2025-04-03 10:48:17,227 - DEBUG: (0.000) 
            SELECT name, type FROM sqlite_master
            WHERE type in ('table', 'view') AND NOT name='sqlite_sequence'
            ORDER BY name; args=None
2025-04-03 10:48:17,227 - DEBUG: (0.000) SELECT "django_migrations"."id", "django_migrations"."app", "django_migrations"."name", "django_migrations"."applied" FROM "django_migrations"; args=()
2025-04-03 10:48:17,262 - DEBUG: (0.000) 
            SELECT name, type FROM sqlite_master
            WHERE type in ('table', 'view') AND NOT name='sqlite_sequence'
            ORDER BY name; args=None
2025-04-03 10:48:17,262 - DEBUG: (0.000) 
            SELECT name, type FROM sqlite_master
            WHERE type in ('table', 'view') AND NOT name='sqlite_sequence'
            ORDER BY name; args=None
2025-04-03 10:48:17,262 - DEBUG: (0.000) SELECT "django_migrations"."id", "django_migrations"."app", "django_migrations"."name", "django_migrations"."applied" FROM "django_migrations"; args=()
2025-04-03 10:48:17,264 - DEBUG: (0.000) SELECT "django_content_type"."id", "django_content_type"."app_label", "django_content_type"."model" FROM "django_content_type" WHERE "django_content_type"."app_label" = 'admin'; args=('admin',)
2025-04-03 10:48:17,265 - DEBUG: (0.000) SELECT "django_content_type"."id", "django_content_type"."app_label", "django_content_type"."model" FROM "django_content_type" WHERE ("django_content_type"."app_label" = 'admin' AND "django_content_type"."model" = 'logentry') LIMIT 21; args=('admin', 'logentry')
2025-04-03 10:48:17,266 - DEBUG: (0.000) SELECT "auth_permission"."content_type_id", "auth_permission"."codename" FROM "auth_permission" INNER JOIN "django_content_type" ON ("auth_permission"."content_type_id" = "django_content_type"."id") WHERE "auth_permission"."content_type_id" IN (1) ORDER BY "django_content_type"."app_label" ASC, "django_content_type"."model" ASC, "auth_permission"."codename" ASC; args=(1,)
2025-04-03 10:48:17,267 - DEBUG: (0.000) SELECT "django_content_type"."id", "django_content_type"."app_label", "django_content_type"."model" FROM "django_content_type" WHERE "django_content_type"."app_label" = 'admin'; args=('admin',)
2025-04-03 10:48:17,267 - DEBUG: (0.000) SELECT "django_content_type"."id", "django_content_type"."app_label", "django_content_type"."model" FROM "django_content_type" WHERE "django_content_type"."app_label" = 'auth'; args=('auth',)
2025-04-03 10:48:17,268 - DEBUG: (0.000) SELECT "django_content_type"."id", "django_content_type"."app_label", "django_content_type"."model" FROM "django_content_type" WHERE ("django_content_type"."app_label" = 'auth' AND "django_content_type"."model" = 'permission') LIMIT 21; args=('auth', 'permission')
2025-04-03 10:48:17,268 - DEBUG: (0.000) SELECT "django_content_type"."id", "django_content_type"."app_label", "django_content_type"."model" FROM "django_content_type" WHERE ("django_content_type"."app_label" = 'auth' AND "django_content_type"."model" = 'group') LIMIT 21; args=('auth', 'group')
2025-04-03 10:48:17,271 - DEBUG: (0.000) SELECT "django_content_type"."id", "django_content_type"."app_label", "django_content_type"."model" FROM "django_content_type" WHERE ("django_content_type"."app_label" = 'auth' AND "django_content_type"."model" = 'user') LIMIT 21; args=('auth', 'user')
2025-04-03 10:48:17,272 - DEBUG: (0.000) SELECT "auth_permission"."content_type_id", "auth_permission"."codename" FROM "auth_permission" INNER JOIN "django_content_type" ON ("auth_permission"."content_type_id" = "django_content_type"."id") WHERE "auth_permission"."content_type_id" IN (2, 3, 4) ORDER BY "django_content_type"."app_label" ASC, "django_content_type"."model" ASC, "auth_permission"."codename" ASC; args=(2, 3, 4)
2025-04-03 10:48:17,272 - DEBUG: (0.000) SELECT "django_content_type"."id", "django_content_type"."app_label", "django_content_type"."model" FROM "django_content_type" WHERE "django_content_type"."app_label" = 'auth'; args=('auth',)
2025-04-03 10:48:17,273 - DEBUG: (0.000) SELECT "django_content_type"."id", "django_content_type"."app_label", "django_content_type"."model" FROM "django_content_type" WHERE "django_content_type"."app_label" = 'contenttypes'; args=('contenttypes',)
2025-04-03 10:48:17,273 - DEBUG: (0.000) SELECT "django_content_type"."id", "django_content_type"."app_label", "django_content_type"."model" FROM "django_content_type" WHERE ("django_content_type"."app_label" = 'contenttypes' AND "django_content_type"."model" = 'contenttype') LIMIT 21; args=('contenttypes', 'contenttype')
2025-04-03 10:48:17,274 - DEBUG: (0.000) SELECT "auth_permission"."content_type_id", "auth_permission"."codename" FROM "auth_permission" INNER JOIN "django_content_type" ON ("auth_permission"."content_type_id" = "django_content_type"."id") WHERE "auth_permission"."content_type_id" IN (5) ORDER BY "django_content_type"."app_label" ASC, "django_content_type"."model" ASC, "auth_permission"."codename" ASC; args=(5,)
2025-04-03 10:48:17,274 - DEBUG: (0.000) SELECT "django_content_type"."id", "django_content_type"."app_label", "django_content_type"."model" FROM "django_content_type" WHERE "django_content_type"."app_label" = 'contenttypes'; args=('contenttypes',)
2025-04-03 10:48:17,275 - DEBUG: (0.000) SELECT "django_content_type"."id", "django_content_type"."app_label", "django_content_type"."model" FROM "django_content_type" WHERE "django_content_type"."app_label" = 'sessions'; args=('sessions',)
2025-04-03 10:48:17,275 - DEBUG: (0.000) SELECT "django_content_type"."id", "django_content_type"."app_label", "django_content_type"."model" FROM "django_content_type" WHERE ("django_content_type"."app_label" = 'sessions' AND "django_content_type"."model" = 'session') LIMIT 21; args=('sessions', 'session')
2025-04-03 10:48:17,275 - DEBUG: (0.000) SELECT "auth_permission"."content_type_id", "auth_permission"."codename" FROM "auth_permission" INNER JOIN "django_content_type" ON ("auth_permission"."content_type_id" = "django_content_type"."id") WHERE "auth_permission"."content_type_id" IN (6) ORDER BY "django_content_type"."app_label" ASC, "django_content_type"."model" ASC, "auth_permission"."codename" ASC; args=(6,)
2025-04-03 10:48:17,275 - DEBUG: (0.000) SELECT "django_content_type"."id", "django_content_type"."app_label", "django_content_type"."model" FROM "django_content_type" WHERE "django_content_type"."app_label" = 'sessions'; args=('sessions',)
2025-04-03 10:48:29,595 - INFO: Watching for file changes with StatReloader
2025-04-03 10:48:29,595 - DEBUG: Waiting for apps ready_event.
2025-04-03 10:48:29,728 - DEBUG: Apps ready_event triggered. Sending autoreload_started signal.
2025-04-03 10:48:29,728 - DEBUG: Watching dir D:\Parasuram\Django_Training\logging\DJANGO-LOGGING\locale with glob **/*.mo.
2025-04-03 10:48:29,728 - DEBUG: Watching dir D:\Parasuram\Django_Training\new\lib\site-packages\django\contrib\admin\locale with glob **/*.mo.
2025-04-03 10:48:29,728 - DEBUG: Watching dir D:\Parasuram\Django_Training\new\lib\site-packages\django\contrib\auth\locale with glob **/*.mo.
2025-04-03 10:48:29,728 - DEBUG: Watching dir D:\Parasuram\Django_Training\new\lib\site-packages\django\contrib\contenttypes\locale with glob **/*.mo.
2025-04-03 10:48:29,728 - DEBUG: Watching dir D:\Parasuram\Django_Training\new\lib\site-packages\django\contrib\sessions\locale with glob **/*.mo.
2025-04-03 10:48:29,728 - DEBUG: Watching dir D:\Parasuram\Django_Training\new\lib\site-packages\django\contrib\messages\locale with glob **/*.mo.
2025-04-03 10:48:29,728 - DEBUG: Watching dir D:\Parasuram\Django_Training\new\lib\site-packages\django\contrib\staticfiles\locale with glob **/*.mo.
2025-04-03 10:48:29,728 - DEBUG: Watching dir D:\Parasuram\Django_Training\logging\DJANGO-LOGGING\pylog\locale with glob **/*.mo.
2025-04-03 10:48:29,728 - DEBUG: Watching dir D:\Parasuram\Django_Training\new\lib\site-packages\rest_framework\locale with glob **/*.mo.
2025-04-03 10:48:29,782 - DEBUG: (0.000) 
            SELECT name, type FROM sqlite_master
            WHERE type in ('table', 'view') AND NOT name='sqlite_sequence'
            ORDER BY name; args=None
2025-04-03 10:48:29,782 - DEBUG: (0.000) SELECT "django_migrations"."id", "django_migrations"."app", "django_migrations"."name", "django_migrations"."applied" FROM "django_migrations"; args=()
2025-04-03 10:48:29,831 - DEBUG: File D:\Parasuram\Django_Training\new\Lib\site-packages\django\contrib\admin\utils.py first seen with mtime 1743655954.9902606
2025-04-03 10:48:29,831 - DEBUG: File D:\Parasuram\Django_Training\new\Lib\site-packages\django\db\utils.py first seen with mtime 1743655957.6204803
2025-04-03 10:48:29,831 - DEBUG: File D:\Parasuram\Django_Training\new\Lib\site-packages\django\db\models\fields\files.py first seen with mtime 1743655957.6926923
2025-04-03 10:48:29,831 - DEBUG: File D:\Parasuram\Django_Training\new\Lib\site-packages\django\core\files\uploadedfile.py first seen with mtime 1743655957.5719912
2025-04-03 10:48:29,831 - DEBUG: File D:\Parasuram\Django_Training\new\Lib\site-packages\django\views\generic\detail.py first seen with mtime 1743655957.9046178
2025-04-03 10:48:29,831 - DEBUG: File C:\Users\paras\AppData\Local\Programs\Python\Python38\Lib\html\entities.py first seen with mtime 1582653636.0
2025-04-03 10:48:29,831 - DEBUG: File D:\Parasuram\Django_Training\new\Lib\site-packages\rest_framework\utils\__init__.py first seen with mtime 1743656084.1863117
2025-04-03 10:48:29,831 - DEBUG: File D:\Parasuram\Django_Training\new\Lib\site-packages\django\utils\asyncio.py first seen with mtime 1743655957.848079
2025-04-03 10:48:29,831 - DEBUG: File D:\Parasuram\Django_Training\new\Lib\site-packages\django\template\engine.py first seen with mtime 1743655957.7853692
2025-04-03 10:48:29,831 - DEBUG: File D:\Parasuram\Django_Training\new\Lib\site-packages\django\core\handlers\__init__.py first seen with mtime 1743655957.5739913
2025-04-03 10:48:29,831 - DEBUG: File D:\Parasuram\Django_Training\new\Lib\site-packages\django\db\models\manager.py first seen with mtime 1743655957.686692
2025-04-03 10:48:29,831 - DEBUG: File C:\Users\paras\AppData\Local\Programs\Python\Python38\Lib\sre_constants.py first seen with mtime 1582653636.0
2025-04-03 10:48:29,831 - DEBUG: File D:\Parasuram\Django_Training\new\Lib\site-packages\django\contrib\postgres\fields\mixins.py first seen with mtime 1743655956.7237787
2025-04-03 10:48:29,831 - DEBUG: File D:\Parasuram\Django_Training\new\Lib\site-packages\sqlparse\utils.py first seen with mtime 1742299846.5434854
2025-04-03 10:48:29,831 - DEBUG: File D:\Parasuram\Django_Training\new\Lib\site-packages\django\core\checks\security\csrf.py first seen with mtime 1743655957.5649912
2025-04-03 10:48:29,831 - DEBUG: File D:\Parasuram\Django_Training\new\Lib\site-packages\rest_framework\schemas\openapi.py first seen with mtime 1743656084.1324492
2025-04-03 10:48:29,831 - DEBUG: File C:\Users\paras\AppData\Local\Programs\Python\Python38\Lib\_weakrefset.py first seen with mtime 1582653636.0
2025-04-03 10:48:29,831 - DEBUG: File D:\Parasuram\Django_Training\new\Lib\site-packages\requests\_internal_utils.py first seen with mtime 1742299846.0047147
2025-04-03 10:48:29,831 - DEBUG: File D:\Parasuram\Django_Training\new\Lib\site-packages\idna\__init__.py first seen with mtime 1742299832.4006438
2025-04-03 10:48:29,831 - DEBUG: File C:\Users\paras\AppData\Local\Programs\Python\Python38\Lib\queue.py first seen with mtime 1582653636.0
2025-04-03 10:48:29,831 - DEBUG: File D:\Parasuram\Django_Training\new\Lib\site-packages\django\template\response.py first seen with mtime 1743655957.7873776
2025-04-03 10:48:29,831 - DEBUG: File D:\Parasuram\Django_Training\new\Lib\site-packages\django\apps\__init__.py first seen with mtime 1743655954.7797003
2025-04-03 10:48:29,831 - DEBUG: File D:\Parasuram\Django_Training\new\Lib\site-packages\django\contrib\__init__.py first seen with mtime 1743655954.983261
2025-04-03 10:48:29,831 - DEBUG: File C:\Users\paras\AppData\Local\Programs\Python\Python38\Lib\operator.py first seen with mtime 1582653636.0
2025-04-03 10:48:29,831 - DEBUG: File D:\Parasuram\Django_Training\new\Lib\site-packages\django\db\models\fields\proxy.py first seen with mtime 1743655957.6937046
2025-04-03 10:48:29,831 - DEBUG: File D:\Parasuram\Django_Training\new\Lib\site-packages\django\db\backends\base\validation.py first seen with mtime 1743655957.6312127
2025-04-03 10:48:29,831 - DEBUG: File D:\Parasuram\Django_Training\new\Lib\site-packages\django\views\generic\list.py first seen with mtime 1743655957.911213
2025-04-03 10:48:29,831 - DEBUG: File D:\Parasuram\Django_Training\new\Lib\site-packages\rest_framework\utils\representation.py first seen with mtime 1743656084.1913114
2025-04-03 10:48:29,831 - DEBUG: File D:\Parasuram\Django_Training\new\Lib\site-packages\django\views\i18n.py first seen with mtime 1743655957.8936179
2025-04-03 10:48:29,831 - DEBUG: File D:\Parasuram\Django_Training\new\Lib\site-packages\django\utils\ipv6.py first seen with mtime 1743655957.870653
2025-04-03 10:48:29,831 - DEBUG: File D:\Parasuram\Django_Training\new\Lib\site-packages\django\core\checks\database.py first seen with mtime 1743655957.5570633
2025-04-03 10:48:29,831 - DEBUG: File D:\Parasuram\Django_Training\new\Lib\site-packages\django\contrib\postgres\fields\ranges.py first seen with mtime 1743655956.724779
2025-04-03 10:48:29,831 - DEBUG: File D:\Parasuram\Django_Training\new\Lib\site-packages\idna\package_data.py first seen with mtime 1742299832.403898
2025-04-03 10:48:29,831 - DEBUG: File D:\Parasuram\Django_Training\new\Lib\site-packages\rest_framework\utils\html.py first seen with mtime 1743656084.1883118
2025-04-03 10:48:29,831 - DEBUG: File D:\Parasuram\Django_Training\new\Lib\site-packages\django\db\models\sql\__init__.py first seen with mtime 1743655957.7047894
2025-04-03 10:48:29,831 - DEBUG: File C:\Users\paras\AppData\Local\Programs\Python\Python38\Lib\email\_policybase.py first seen with mtime 1582653636.0
2025-04-03 10:48:29,831 - DEBUG: File D:\Parasuram\Django_Training\new\Lib\site-packages\django\template\defaulttags.py first seen with mtime 1743655957.7833629
2025-04-03 10:48:29,831 - DEBUG: File D:\Parasuram\Django_Training\new\Lib\site-packages\requests\packages.py first seen with mtime 1742299846.009794
2025-04-03 10:48:29,847 - DEBUG: File D:\Parasuram\Django_Training\new\Lib\site-packages\django\utils\autoreload.py first seen with mtime 1743655957.8490808
2025-04-03 10:48:29,847 - DEBUG: File C:\Users\paras\AppData\Local\Programs\Python\Python38\Lib\types.py first seen with mtime 1582653636.0
2025-04-03 10:48:29,847 - DEBUG: File D:\Parasuram\Django_Training\new\Lib\site-packages\django\middleware\__init__.py first seen with mtime 1743655957.773615
2025-04-03 10:48:29,847 - DEBUG: File C:\Users\paras\AppData\Local\Programs\Python\Python38\Lib\wsgiref\__init__.py first seen with mtime 1582653636.0
2025-04-03 10:48:29,847 - DEBUG: File C:\Users\paras\AppData\Local\Programs\Python\Python38\Lib\socket.py first seen with mtime 1582653636.0
2025-04-03 10:48:29,847 - DEBUG: File D:\Parasuram\Django_Training\new\Lib\site-packages\django\db\models\functions\text.py first seen with mtime 1743655957.7027888
2025-04-03 10:48:29,847 - DEBUG: File D:\Parasuram\Django_Training\new\Lib\site-packages\django\template\backends\__init__.py first seen with mtime 1743655957.789386
2025-04-03 10:48:29,847 - DEBUG: File D:\Parasuram\Django_Training\new\Lib\site-packages\django\apps\config.py first seen with mtime 1743655954.7797003
2025-04-03 10:48:29,847 - DEBUG: File D:\Parasuram\Django_Training\new\Lib\site-packages\rest_framework\schemas\__init__.py first seen with mtime 1743656084.1304412
2025-04-03 10:48:29,847 - DEBUG: File C:\Users\paras\AppData\Local\Programs\Python\Python38\Lib\wsgiref\util.py first seen with mtime 1582653636.0
2025-04-03 10:48:29,847 - DEBUG: File D:\Parasuram\Django_Training\new\Lib\site-packages\django\db\backends\sqlite3\base.py first seen with mtime 1743655957.6577744
2025-04-03 10:48:29,847 - DEBUG: File D:\Parasuram\Django_Training\new\Lib\site-packages\requests\structures.py first seen with mtime 1742299846.0117896
2025-04-03 10:48:29,847 - DEBUG: File D:\Parasuram\Django_Training\new\Lib\site-packages\sqlparse\filters\output.py first seen with mtime 1742299846.549308
2025-04-03 10:48:29,848 - DEBUG: File C:\Users\paras\AppData\Local\Programs\Python\Python38\Lib\asyncio\tasks.py first seen with mtime 1582653636.0
2025-04-03 10:48:29,848 - DEBUG: File D:\Parasuram\Django_Training\new\Lib\site-packages\django\contrib\admin\decorators.py first seen with mtime 1743655954.98626
2025-04-03 10:48:29,848 - DEBUG: File D:\Parasuram\Django_Training\new\Lib\site-packages\django\contrib\messages\api.py first seen with mtime 1743655956.6973321
2025-04-03 10:48:29,848 - DEBUG: File C:\Users\paras\AppData\Local\Programs\Python\Python38\Lib\http\__init__.py first seen with mtime 1582653636.0
2025-04-03 10:48:29,848 - DEBUG: File D:\Parasuram\Django_Training\new\Lib\site-packages\rest_framework\response.py first seen with mtime 1743656084.0700145
2025-04-03 10:48:29,848 - DEBUG: File C:\Users\paras\AppData\Local\Programs\Python\Python38\Lib\email\mime\text.py first seen with mtime 1582653636.0
2025-04-03 10:48:29,848 - DEBUG: File D:\Parasuram\Django_Training\new\Lib\site-packages\sqlparse\engine\__init__.py first seen with mtime 1742299846.5434854
2025-04-03 10:48:29,848 - DEBUG: File D:\Parasuram\Django_Training\new\Lib\site-packages\django\core\files\images.py first seen with mtime 1743655957.5679905
2025-04-03 10:48:29,848 - DEBUG: File C:\Users\paras\AppData\Local\Programs\Python\Python38\Lib\asyncio\windows_utils.py first seen with mtime 1582653636.0
2025-04-03 10:48:29,848 - DEBUG: File D:\Parasuram\Django_Training\new\Lib\site-packages\django\core\management\__init__.py first seen with mtime 1743655957.5871344
2025-04-03 10:48:29,849 - DEBUG: File D:\Parasuram\Django_Training\new\Lib\site-packages\django\core\handlers\wsgi.py first seen with mtime 1743655957.5769918
2025-04-03 10:48:29,849 - DEBUG: File D:\Parasuram\Django_Training\new\Lib\site-packages\django\conf\locale\__init__.py first seen with mtime 1743655954.7867014
2025-04-03 10:48:29,849 - DEBUG: File D:\Parasuram\Django_Training\new\Lib\site-packages\django\contrib\admin\models.py first seen with mtime 1743655954.9882584
2025-04-03 10:48:29,849 - DEBUG: File C:\Users\paras\AppData\Local\Programs\Python\Python38\Lib\datetime.py first seen with mtime 1582653636.0
2025-04-03 10:48:29,849 - DEBUG: File C:\Users\paras\AppData\Local\Programs\Python\Python38\Lib\concurrent\__init__.py first seen with mtime 1582653636.0
2025-04-03 10:48:29,849 - DEBUG: File D:\Parasuram\Django_Training\new\Lib\site-packages\django\db\models\constraints.py first seen with mtime 1743655957.681693
2025-04-03 10:48:29,849 - DEBUG: File D:\Parasuram\Django_Training\new\Lib\site-packages\django\urls\exceptions.py first seen with mtime 1743655957.841888
2025-04-03 10:48:29,849 - DEBUG: File D:\Parasuram\Django_Training\new\Lib\site-packages\django\core\checks\model_checks.py first seen with mtime 1743655957.5580633
2025-04-03 10:48:29,849 - DEBUG: File D:\Parasuram\Django_Training\new\Lib\site-packages\rest_framework\authentication.py first seen with mtime 1743656084.0590067
2025-04-03 10:48:29,849 - DEBUG: File C:\Users\paras\AppData\Local\Programs\Python\Python38\Lib\distutils\version.py first seen with mtime 1582653636.0
2025-04-03 10:48:29,849 - DEBUG: File D:\Parasuram\Django_Training\new\Lib\site-packages\django\core\files\uploadhandler.py first seen with mtime 1743655957.5729916
2025-04-03 10:48:29,850 - DEBUG: File D:\Parasuram\Django_Training\new\Lib\site-packages\django\template\base.py first seen with mtime 1743655957.781615
2025-04-03 10:48:29,850 - DEBUG: File D:\Parasuram\Django_Training\new\Lib\site-packages\requests\auth.py first seen with mtime 1742299846.0068
2025-04-03 10:48:29,850 - DEBUG: File D:\Parasuram\Django_Training\new\Lib\site-packages\rest_framework\fields.py first seen with mtime 1743656084.0650082
2025-04-03 10:48:29,850 - DEBUG: File D:\Parasuram\Django_Training\new\Lib\site-packages\urllib3\util\url.py first seen with mtime 1742299846.866592
2025-04-03 10:48:29,850 - DEBUG: File D:\Parasuram\Django_Training\new\Lib\site-packages\django\core\files\move.py first seen with mtime 1743655957.5689907
2025-04-03 10:48:29,850 - DEBUG: File D:\Parasuram\Django_Training\new\Lib\site-packages\django\contrib\auth\admin.py first seen with mtime 1743655955.561643
2025-04-03 10:48:29,850 - DEBUG: File D:\Parasuram\Django_Training\new\Lib\site-packages\django\test\client.py first seen with mtime 1743655957.83287
2025-04-03 10:48:29,850 - DEBUG: File D:\Parasuram\Django_Training\new\Lib\site-packages\django\db\models\sql\datastructures.py first seen with mtime 1743655957.7067893
2025-04-03 10:48:29,850 - DEBUG: File D:\Parasuram\Django_Training\new\Lib\site-packages\django\templatetags\__init__.py first seen with mtime 1743655957.802381
2025-04-03 10:48:29,850 - DEBUG: File D:\Parasuram\Django_Training\new\Lib\site-packages\django\contrib\admindocs\utils.py first seen with mtime 1743655955.4131794
2025-04-03 10:48:29,850 - DEBUG: File D:\Parasuram\Django_Training\new\Lib\site-packages\django\http\response.py first seen with mtime 1743655957.7726195
2025-04-03 10:48:29,851 - DEBUG: File D:\Parasuram\Django_Training\new\Lib\site-packages\charset_normalizer\version.py first seen with mtime 1742299828.876887
2025-04-03 10:48:29,851 - DEBUG: File C:\Users\paras\AppData\Local\Programs\Python\Python38\Lib\asyncio\subprocess.py first seen with mtime 1582653636.0
2025-04-03 10:48:29,851 - DEBUG: File D:\Parasuram\Django_Training\new\Lib\site-packages\django\contrib\admin\widgets.py first seen with mtime 1743655954.9914787
2025-04-03 10:48:29,851 - DEBUG: File C:\Users\paras\AppData\Local\Programs\Python\Python38\Lib\asyncio\base_futures.py first seen with mtime 1582653636.0
2025-04-03 10:48:29,851 - DEBUG: File D:\Parasuram\Django_Training\new\Lib\site-packages\django\contrib\postgres\forms\hstore.py first seen with mtime 1743655956.7277784
2025-04-03 10:48:29,851 - DEBUG: File D:\Parasuram\Django_Training\new\Lib\site-packages\django\contrib\admin\helpers.py first seen with mtime 1743655954.9882584
2025-04-03 10:48:29,851 - DEBUG: File D:\Parasuram\Django_Training\new\Lib\site-packages\django\contrib\admin\__init__.py first seen with mtime 1743655954.9842608
2025-04-03 10:48:29,851 - DEBUG: File D:\Parasuram\Django_Training\new\Lib\site-packages\django\core\handlers\asgi.py first seen with mtime 1743655957.5749924
2025-04-03 10:48:29,851 - DEBUG: File D:\Parasuram\Django_Training\new\Lib\site-packages\requests\exceptions.py first seen with mtime 1742299846.0087967
2025-04-03 10:48:29,851 - DEBUG: File C:\Users\paras\AppData\Local\Programs\Python\Python38\Lib\pkgutil.py first seen with mtime 1582653636.0
2025-04-03 10:48:29,851 - DEBUG: File C:\Users\paras\AppData\Local\Programs\Python\Python38\Lib\bz2.py first seen with mtime 1582653636.0
2025-04-03 10:48:29,852 - DEBUG: File D:\Parasuram\Django_Training\new\Lib\site-packages\django\db\backends\sqlite3\client.py first seen with mtime 1743655957.6577744
2025-04-03 10:48:29,852 - DEBUG: File D:\Parasuram\Django_Training\new\Lib\site-packages\django\db\backends\utils.py first seen with mtime 1743655957.624211
2025-04-03 10:48:29,852 - DEBUG: File D:\Parasuram\Django_Training\new\Lib\site-packages\django\contrib\postgres\forms\__init__.py first seen with mtime 1743655956.7257788
2025-04-03 10:48:29,852 - DEBUG: File C:\Users\paras\AppData\Local\Programs\Python\Python38\Lib\locale.py first seen with mtime 1582653636.0
2025-04-03 10:48:29,852 - DEBUG: File D:\Parasuram\Django_Training\new\Lib\site-packages\django\contrib\postgres\fields\jsonb.py first seen with mtime 1743655956.7227802
2025-04-03 10:48:29,852 - DEBUG: File C:\Users\paras\AppData\Local\Programs\Python\Python38\Lib\traceback.py first seen with mtime 1582653636.0
2025-04-03 10:48:29,852 - DEBUG: File C:\Users\paras\AppData\Local\Programs\Python\Python38\Lib\asyncio\base_tasks.py first seen with mtime 1582653636.0
2025-04-03 10:48:29,852 - DEBUG: File C:\Users\paras\AppData\Local\Programs\Python\Python38\Lib\enum.py first seen with mtime 1582653636.0
2025-04-03 10:48:29,852 - DEBUG: File D:\Parasuram\Django_Training\new\Lib\site-packages\django\core\checks\urls.py first seen with mtime 1743655957.5615704
2025-04-03 10:48:29,853 - DEBUG: File C:\Users\paras\AppData\Local\Programs\Python\Python38\DLLs\unicodedata.pyd first seen with mtime 1582653656.0
2025-04-03 10:48:29,853 - DEBUG: File D:\Parasuram\Django_Training\new\Lib\site-packages\sqlparse\__init__.py first seen with mtime 1742299846.5384634
2025-04-03 10:48:29,853 - DEBUG: File C:\Users\paras\AppData\Local\Programs\Python\Python38\Lib\email\utils.py first seen with mtime 1582653636.0
2025-04-03 10:48:29,853 - DEBUG: File C:\Users\paras\AppData\Local\Programs\Python\Python38\Lib\urllib\parse.py first seen with mtime 1582653636.0
2025-04-03 10:48:29,853 - DEBUG: File C:\Users\paras\AppData\Local\Programs\Python\Python38\Lib\asyncio\locks.py first seen with mtime 1582653636.0
2025-04-03 10:48:29,853 - DEBUG: File D:\Parasuram\Django_Training\new\Lib\site-packages\django\contrib\auth\management\__init__.py first seen with mtime 1743655955.8133519
2025-04-03 10:48:29,853 - DEBUG: File D:\Parasuram\Django_Training\new\Lib\site-packages\django\db\models\sql\where.py first seen with mtime 1743655957.7103014
2025-04-03 10:48:29,853 - DEBUG: File D:\Parasuram\Django_Training\new\Lib\site-packages\urllib3\connectionpool.py first seen with mtime 1742299846.8508608
2025-04-03 10:48:29,853 - DEBUG: File C:\Users\paras\AppData\Local\Programs\Python\Python38\Lib\abc.py first seen with mtime 1582653636.0
2025-04-03 10:48:29,853 - DEBUG: File D:\Parasuram\Django_Training\new\Lib\site-packages\django\contrib\staticfiles\management\commands\runserver.py first seen with mtime 1743655957.5384364
2025-04-03 10:48:29,853 - DEBUG: File D:\Parasuram\Django_Training\new\Lib\site-packages\django\db\models\sql\subqueries.py first seen with mtime 1743655957.709302
2025-04-03 10:48:29,854 - DEBUG: File D:\Parasuram\Django_Training\new\Lib\site-packages\idna\intranges.py first seen with mtime 1742299832.4028945
2025-04-03 10:48:29,854 - DEBUG: File C:\Users\paras\AppData\Local\Programs\Python\Python38\Lib\email\parser.py first seen with mtime 1582653636.0
2025-04-03 10:48:29,854 - DEBUG: File C:\Users\paras\AppData\Local\Programs\Python\Python38\Lib\socketserver.py first seen with mtime 1582653636.0
2025-04-03 10:48:29,854 - DEBUG: File C:\Users\paras\AppData\Local\Programs\Python\Python38\Lib\ntpath.py first seen with mtime 1582653636.0
2025-04-03 10:48:29,854 - DEBUG: File C:\Users\paras\AppData\Local\Programs\Python\Python38\Lib\unittest\result.py first seen with mtime 1582653636.0
2025-04-03 10:48:29,854 - DEBUG: File C:\Users\paras\AppData\Local\Programs\Python\Python38\Lib\string.py first seen with mtime 1582653636.0
2025-04-03 10:48:29,854 - DEBUG: File D:\Parasuram\Django_Training\new\Lib\site-packages\django\contrib\admin\templatetags\admin_urls.py first seen with mtime 1743655955.406285
2025-04-03 10:48:29,854 - DEBUG: File D:\Parasuram\Django_Training\new\Lib\site-packages\django\db\models\fields\__init__.py first seen with mtime 1743655957.691691
2025-04-03 10:48:29,854 - DEBUG: File D:\Parasuram\Django_Training\new\Lib\site-packages\django\contrib\sessions\models.py first seen with mtime 1743655957.0844202
2025-04-03 10:48:29,854 - DEBUG: File D:\Parasuram\Django_Training\new\Lib\site-packages\django\http\multipartparser.py first seen with mtime 1743655957.7706134
2025-04-03 10:48:29,855 - DEBUG: File D:\Parasuram\Django_Training\new\Lib\site-packages\django\utils\version.py first seen with mtime 1743655957.8856096
2025-04-03 10:48:29,855 - DEBUG: File C:\Users\paras\AppData\Local\Programs\Python\Python38\Lib\contextlib.py first seen with mtime 1582653636.0
2025-04-03 10:48:29,855 - DEBUG: File C:\Users\paras\AppData\Local\Programs\Python\Python38\Lib\bisect.py first seen with mtime 1582653636.0
2025-04-03 10:48:29,855 - DEBUG: File D:\Parasuram\Django_Training\new\Lib\site-packages\rest_framework\schemas\generators.py first seen with mtime 1743656084.131447
2025-04-03 10:48:29,855 - DEBUG: File D:\Parasuram\Django_Training\new\Lib\site-packages\requests\status_codes.py first seen with mtime 1742299846.0117896
2025-04-03 10:48:29,855 - DEBUG: File C:\Users\paras\AppData\Local\Programs\Python\Python38\Lib\json\decoder.py first seen with mtime 1582653636.0
2025-04-03 10:48:29,855 - DEBUG: File C:\Users\paras\AppData\Local\Programs\Python\Python38\Lib\urllib\request.py first seen with mtime 1582653636.0
2025-04-03 10:48:29,855 - DEBUG: File D:\Parasuram\Django_Training\new\Lib\site-packages\django\db\models\utils.py first seen with mtime 1743655957.690691
2025-04-03 10:48:29,855 - DEBUG: File C:\Users\paras\AppData\Local\Programs\Python\Python38\Lib\base64.py first seen with mtime 1582653636.0
2025-04-03 10:48:29,855 - DEBUG: File C:\Users\paras\AppData\Local\Programs\Python\Python38\Lib\asyncio\queues.py first seen with mtime 1582653636.0
2025-04-03 10:48:29,856 - DEBUG: File D:\Parasuram\Django_Training\new\Lib\site-packages\django\core\mail\utils.py first seen with mtime 1743655957.580593
2025-04-03 10:48:29,856 - DEBUG: File C:\Users\paras\AppData\Local\Programs\Python\Python38\Lib\shutil.py first seen with mtime 1582653636.0
2025-04-03 10:48:29,856 - DEBUG: File C:\Users\paras\AppData\Local\Programs\Python\Python38\Lib\asyncio\selector_events.py first seen with mtime 1582653636.0
2025-04-03 10:48:29,856 - DEBUG: File C:\Users\paras\AppData\Local\Programs\Python\Python38\Lib\http\cookies.py first seen with mtime 1582653636.0
2025-04-03 10:48:29,856 - DEBUG: File D:\Parasuram\Django_Training\new\Lib\site-packages\mpl_toolkits\__init__.py first seen with mtime 1742299833.6589088
2025-04-03 10:48:29,856 - DEBUG: File D:\Parasuram\Django_Training\new\Lib\site-packages\rest_framework\apps.py first seen with mtime 1743656084.0590067
2025-04-03 10:48:29,856 - DEBUG: File C:\Users\paras\AppData\Local\Programs\Python\Python38\Lib\email\errors.py first seen with mtime 1582653636.0
2025-04-03 10:48:29,856 - DEBUG: File D:\Parasuram\Django_Training\new\Lib\site-packages\charset_normalizer\cd.py first seen with mtime 1742299828.865671
2025-04-03 10:48:29,856 - DEBUG: File D:\Parasuram\Django_Training\new\Lib\site-packages\django\contrib\messages\constants.py first seen with mtime 1743655956.6988328
2025-04-03 10:48:29,856 - DEBUG: File D:\Parasuram\Django_Training\new\Lib\site-packages\django\contrib\postgres\forms\ranges.py first seen with mtime 1743655956.7287805
2025-04-03 10:48:29,856 - DEBUG: File D:\Parasuram\Django_Training\new\Lib\site-packages\urllib3\response.py first seen with mtime 1742299846.8538525
2025-04-03 10:48:29,857 - DEBUG: File D:\Parasuram\Django_Training\new\Lib\site-packages\django\contrib\auth\apps.py first seen with mtime 1743655955.5626435
2025-04-03 10:48:29,857 - DEBUG: File D:\Parasuram\Django_Training\new\Lib\site-packages\django\db\backends\base\base.py first seen with mtime 1743655957.625211
2025-04-03 10:48:29,857 - DEBUG: File D:\Parasuram\Django_Training\new\Lib\site-packages\django\core\files\base.py first seen with mtime 1743655957.5669904
2025-04-03 10:48:29,857 - DEBUG: File D:\Parasuram\Django_Training\new\Lib\site-packages\django\db\models\aggregates.py first seen with mtime 1743655957.6796944
2025-04-03 10:48:29,857 - DEBUG: File C:\Users\paras\AppData\Local\Programs\Python\Python38\DLLs\_lzma.pyd first seen with mtime 1582653654.0
2025-04-03 10:48:29,857 - DEBUG: File D:\Parasuram\Django_Training\new\Lib\site-packages\django\contrib\sessions\__init__.py first seen with mtime 1743655957.0800352
2025-04-03 10:48:29,857 - DEBUG: File C:\Users\paras\AppData\Local\Programs\Python\Python38\Lib\weakref.py first seen with mtime 1582653636.0
2025-04-03 10:48:29,857 - DEBUG: File C:\Users\paras\AppData\Local\Programs\Python\Python38\DLLs\_queue.pyd first seen with mtime 1582653654.0
2025-04-03 10:48:29,857 - DEBUG: File C:\Users\paras\AppData\Local\Programs\Python\Python38\Lib\cgi.py first seen with mtime 1582653636.0
2025-04-03 10:48:29,857 - DEBUG: File C:\Users\paras\AppData\Local\Programs\Python\Python38\Lib\heapq.py first seen with mtime 1582653636.0
2025-04-03 10:48:29,858 - DEBUG: File D:\Parasuram\Django_Training\new\Lib\site-packages\django\contrib\admindocs\__init__.py first seen with mtime 1743655955.4111738
2025-04-03 10:48:29,858 - DEBUG: File D:\Parasuram\Django_Training\new\Lib\site-packages\django\core\files\storage.py first seen with mtime 1743655957.5699935
2025-04-03 10:48:29,858 - DEBUG: File D:\Parasuram\Django_Training\new\Lib\site-packages\django\contrib\admin\views\decorators.py first seen with mtime 1743655955.4098141
2025-04-03 10:48:29,858 - DEBUG: File D:\Parasuram\Django_Training\new\Lib\site-packages\django\db\models\fields\mixins.py first seen with mtime 1743655957.6937046
2025-04-03 10:48:29,858 - DEBUG: File D:\Parasuram\Django_Training\new\Lib\site-packages\django\contrib\staticfiles\views.py first seen with mtime 1743655957.535437
2025-04-03 10:48:29,858 - DEBUG: File D:\Parasuram\Django_Training\new\Lib\site-packages\urllib3\fields.py first seen with mtime 1742299846.8518577
2025-04-03 10:48:29,858 - DEBUG: File C:\Users\paras\AppData\Local\Programs\Python\Python38\Lib\secrets.py first seen with mtime 1582653636.0
2025-04-03 10:48:29,858 - DEBUG: File D:\Parasuram\Django_Training\new\Lib\site-packages\django\core\files\utils.py first seen with mtime 1743655957.5729916
2025-04-03 10:48:29,858 - DEBUG: File C:\Users\paras\AppData\Local\Programs\Python\Python38\Lib\sre_compile.py first seen with mtime 1582653636.0
2025-04-03 10:48:29,858 - DEBUG: File C:\Users\paras\AppData\Local\Programs\Python\Python38\Lib\gettext.py first seen with mtime 1582653636.0
2025-04-03 10:48:29,858 - DEBUG: File D:\Parasuram\Django_Training\new\Lib\site-packages\charset_normalizer\utils.py first seen with mtime 1742299828.8758898
2025-04-03 10:48:29,859 - DEBUG: File D:\Parasuram\Django_Training\new\Lib\site-packages\django\contrib\admin\sites.py first seen with mtime 1743655954.9892585
2025-04-03 10:48:29,859 - DEBUG: File D:\Parasuram\Django_Training\new\Lib\site-packages\django\core\serializers\__init__.py first seen with mtime 1743655957.6104784
2025-04-03 10:48:29,859 - DEBUG: File D:\Parasuram\Django_Training\new\Lib\site-packages\urllib3\util\util.py first seen with mtime 1742299846.866592
2025-04-03 10:48:29,859 - DEBUG: File C:\Users\paras\AppData\Local\Programs\Python\Python38\Lib\encodings\utf_8.py first seen with mtime 1582653636.0
2025-04-03 10:48:29,859 - DEBUG: File D:\Parasuram\Django_Training\new\Lib\site-packages\django\contrib\auth\models.py first seen with mtime 1743655955.5708337
2025-04-03 10:48:29,859 - DEBUG: File C:\Users\paras\AppData\Local\Programs\Python\Python38\Lib\stringprep.py first seen with mtime 1582653636.0
2025-04-03 10:48:29,859 - DEBUG: File D:\Parasuram\Django_Training\new\Lib\site-packages\django\utils\timesince.py first seen with mtime 1743655957.8826115
2025-04-03 10:48:29,859 - DEBUG: File D:\Parasuram\Django_Training\new\Lib\site-packages\django\db\backends\__init__.py first seen with mtime 1743655957.62148
2025-04-03 10:48:29,859 - DEBUG: File C:\Users\paras\AppData\Local\Programs\Python\Python38\Lib\xml\dom\minicompat.py first seen with mtime 1582653636.0
2025-04-03 10:48:29,859 - DEBUG: File D:\Parasuram\Django_Training\new\Lib\site-packages\django\forms\utils.py first seen with mtime 1743655957.7193046
2025-04-03 10:48:29,860 - DEBUG: File C:\Users\paras\AppData\Local\Programs\Python\Python38\Lib\email\contentmanager.py first seen with mtime 1582653636.0
2025-04-03 10:48:29,860 - DEBUG: File C:\Users\paras\AppData\Local\Programs\Python\Python38\Lib\json\encoder.py first seen with mtime 1582653636.0
2025-04-03 10:48:29,860 - DEBUG: File D:\Parasuram\Django_Training\new\Lib\site-packages\django\db\models\functions\mixins.py first seen with mtime 1743655957.7027888
2025-04-03 10:48:29,860 - DEBUG: File C:\Users\paras\AppData\Local\Programs\Python\Python38\Lib\email\__init__.py first seen with mtime 1582653636.0
2025-04-03 10:48:29,860 - DEBUG: File D:\Parasuram\Django_Training\new\Lib\site-packages\django\template\defaultfilters.py first seen with mtime 1743655957.7833629
2025-04-03 10:48:29,860 - DEBUG: File D:\Parasuram\Django_Training\new\Lib\site-packages\django\contrib\admin\checks.py first seen with mtime 1743655954.985261
2025-04-03 10:48:29,860 - DEBUG: File D:\Parasuram\Django_Training\new\Lib\site-packages\django\contrib\messages\apps.py first seen with mtime 1743655956.6988328
2025-04-03 10:48:29,860 - DEBUG: File D:\Parasuram\Django_Training\new\Lib\site-packages\django\views\debug.py first seen with mtime 1743655957.89261
2025-04-03 10:48:29,860 - DEBUG: File D:\Parasuram\Django_Training\new\Lib\site-packages\django\core\files\temp.py first seen with mtime 1743655957.5709965
2025-04-03 10:48:29,860 - DEBUG: File D:\Parasuram\Django_Training\new\Lib\site-packages\rest_framework\__init__.py first seen with mtime 1743656084.0580049
2025-04-03 10:48:29,861 - DEBUG: File C:\Users\paras\AppData\Local\Programs\Python\Python38\Lib\warnings.py first seen with mtime 1582653636.0
2025-04-03 10:48:29,861 - DEBUG: File D:\Parasuram\Django_Training\new\Lib\site-packages\django\db\backends\base\client.py first seen with mtime 1743655957.6262102
2025-04-03 10:48:29,861 - DEBUG: File D:\Parasuram\Django_Training\new\Lib\site-packages\django\utils\module_loading.py first seen with mtime 1743655957.8746521
2025-04-03 10:48:29,861 - DEBUG: File D:\Parasuram\Django_Training\new\Lib\site-packages\django\contrib\contenttypes\views.py first seen with mtime 1743655955.8373537
2025-04-03 10:48:29,861 - DEBUG: File D:\Parasuram\Django_Training\new\Lib\site-packages\django\db\migrations\operations\base.py first seen with mtime 1743655957.6750598
2025-04-03 10:48:29,861 - DEBUG: File D:\Parasuram\Django_Training\new\Lib\site-packages\sqlparse\lexer.py first seen with mtime 1742299846.541476
2025-04-03 10:48:29,861 - DEBUG: File C:\Users\paras\AppData\Local\Programs\Python\Python38\Lib\fractions.py first seen with mtime 1582653636.0
2025-04-03 10:48:29,861 - DEBUG: File D:\Parasuram\Django_Training\new\Lib\site-packages\django\contrib\admin\views\__init__.py first seen with mtime 1743655955.4082942
2025-04-03 10:48:29,861 - DEBUG: File D:\Parasuram\Django_Training\new\Lib\site-packages\django\contrib\postgres\fields\hstore.py first seen with mtime 1743655956.7217803
2025-04-03 10:48:29,861 - DEBUG: File D:\Parasuram\Django_Training\new\Lib\site-packages\pytz\tzfile.py first seen with mtime 1742299845.5966976
2025-04-03 10:48:29,861 - DEBUG: File D:\Parasuram\Django_Training\new\Lib\site-packages\django\contrib\auth\__init__.py first seen with mtime 1743655955.5606434
2025-04-03 10:48:29,862 - DEBUG: File D:\Parasuram\Django_Training\new\Lib\site-packages\sqlparse\engine\grouping.py first seen with mtime 1742299846.5445359
2025-04-03 10:48:29,862 - DEBUG: File D:\Parasuram\Django_Training\new\Lib\site-packages\django\utils\lorem_ipsum.py first seen with mtime 1743655957.8736534
2025-04-03 10:48:29,862 - DEBUG: File C:\Users\paras\AppData\Local\Programs\Python\Python38\Lib\signal.py first seen with mtime 1582653636.0
2025-04-03 10:48:29,862 - DEBUG: File D:\Parasuram\Django_Training\new\Lib\site-packages\urllib3\poolmanager.py first seen with mtime 1742299846.852855
2025-04-03 10:48:29,862 - DEBUG: File D:\Parasuram\Django_Training\new\Lib\site-packages\django\contrib\postgres\forms\jsonb.py first seen with mtime 1743655956.7287805
2025-04-03 10:48:29,862 - DEBUG: File C:\Users\paras\AppData\Local\Programs\Python\Python38\Lib\platform.py first seen with mtime 1582653636.0
2025-04-03 10:48:29,862 - DEBUG: File D:\Parasuram\Django_Training\new\Lib\site-packages\django\core\cache\backends\base.py first seen with mtime 1743655957.5510612
2025-04-03 10:48:29,862 - DEBUG: File C:\Users\paras\AppData\Local\Programs\Python\Python38\Lib\email\charset.py first seen with mtime 1582653636.0
2025-04-03 10:48:29,862 - DEBUG: File D:\Parasuram\Django_Training\new\Lib\site-packages\urllib3\_request_methods.py first seen with mtime 1742299846.8498616
2025-04-03 10:48:29,862 - DEBUG: File D:\Parasuram\Django_Training\new\Lib\site-packages\django\utils\deconstruct.py first seen with mtime 1743655957.8550801
2025-04-03 10:48:29,863 - DEBUG: File C:\Users\paras\AppData\Local\Programs\Python\Python38\Lib\_bootlocale.py first seen with mtime 1582653636.0
2025-04-03 10:48:29,863 - DEBUG: File D:\Parasuram\Django_Training\new\Lib\site-packages\rest_framework\serializers.py first seen with mtime 1743656084.0720134
2025-04-03 10:48:29,863 - DEBUG: File C:\Users\paras\AppData\Local\Programs\Python\Python38\Lib\tokenize.py first seen with mtime 1582653636.0
2025-04-03 10:48:29,863 - DEBUG: File C:\Users\paras\AppData\Local\Programs\Python\Python38\DLLs\_decimal.pyd first seen with mtime 1582653654.0
2025-04-03 10:48:29,863 - DEBUG: File D:\Parasuram\Django_Training\new\Lib\site-packages\django\db\models\__init__.py first seen with mtime 1743655957.6786845
2025-04-03 10:48:29,864 - DEBUG: File D:\Parasuram\Django_Training\new\Lib\site-packages\django\contrib\admin\options.py first seen with mtime 1743655954.9892585
2025-04-03 10:48:29,864 - DEBUG: File C:\Users\paras\AppData\Local\Programs\Python\Python38\Lib\sre_parse.py first seen with mtime 1582653636.0
2025-04-03 10:48:29,864 - DEBUG: File D:\Parasuram\Django_Training\new\Lib\site-packages\django\core\files\locks.py first seen with mtime 1743655957.5689907
2025-04-03 10:48:29,864 - DEBUG: File D:\Parasuram\Django_Training\new\Lib\site-packages\sqlparse\filters\others.py first seen with mtime 1742299846.549308
2025-04-03 10:48:29,864 - DEBUG: File D:\Parasuram\Django_Training\new\Lib\site-packages\sqlparse\filters\tokens.py first seen with mtime 1742299846.5514722
2025-04-03 10:48:29,864 - DEBUG: File D:\Parasuram\Django_Training\new\Lib\site-packages\rest_framework\utils\mediatypes.py first seen with mtime 1743656084.1903102
2025-04-03 10:48:29,864 - DEBUG: File D:\Parasuram\Django_Training\new\Lib\site-packages\rest_framework\utils\breadcrumbs.py first seen with mtime 1743656084.1873116
2025-04-03 10:48:29,864 - DEBUG: File D:\Parasuram\Django_Training\new\Lib\site-packages\urllib3\util\timeout.py first seen with mtime 1742299846.866592
2025-04-03 10:48:29,864 - DEBUG: File D:\Parasuram\Django_Training\new\Lib\site-packages\charset_normalizer\models.py first seen with mtime 1742299828.8748927
2025-04-03 10:48:29,864 - DEBUG: File D:\Parasuram\Django_Training\new\Lib\site-packages\pytz\lazy.py first seen with mtime 1742299845.5957003
2025-04-03 10:48:29,864 - DEBUG: File D:\Parasuram\Django_Training\new\Lib\site-packages\django\contrib\admin\exceptions.py first seen with mtime 1743655954.98626
2025-04-03 10:48:29,865 - DEBUG: File C:\Users\paras\AppData\Local\Programs\Python\Python38\Lib\unittest\signals.py first seen with mtime 1582653636.0
2025-04-03 10:48:29,865 - DEBUG: File D:\Parasuram\Django_Training\new\Lib\site-packages\rest_framework\settings.py first seen with mtime 1743656084.0720134
2025-04-03 10:48:29,865 - DEBUG: File D:\Parasuram\Django_Training\new\Lib\site-packages\urllib3\filepost.py first seen with mtime 1742299846.852855
2025-04-03 10:48:29,865 - DEBUG: File D:\Parasuram\Django_Training\new\Lib\site-packages\django\contrib\admin\filters.py first seen with mtime 1743655954.9872594
2025-04-03 10:48:29,865 - DEBUG: File D:\Parasuram\Django_Training\new\Lib\site-packages\psycopg2\tz.py first seen with mtime 1742299845.130281
2025-04-03 10:48:29,865 - DEBUG: File D:\Parasuram\Django_Training\logging\DJANGO-LOGGING\main\settings.py first seen with mtime 1743657477.8985965
2025-04-03 10:48:29,865 - DEBUG: File C:\Users\paras\AppData\Local\Programs\Python\Python38\Lib\distutils\__init__.py first seen with mtime 1582653636.0
2025-04-03 10:48:29,865 - DEBUG: File C:\Users\paras\AppData\Local\Programs\Python\Python38\Lib\asyncio\trsock.py first seen with mtime 1582653636.0
2025-04-03 10:48:29,865 - DEBUG: File D:\Parasuram\Django_Training\new\Lib\site-packages\django\core\checks\security\sessions.py first seen with mtime 1743655957.5659907
2025-04-03 10:48:29,865 - DEBUG: File D:\Parasuram\Django_Training\new\Lib\site-packages\django\contrib\auth\password_validation.py first seen with mtime 1743655955.5708337
2025-04-03 10:48:29,865 - DEBUG: File D:\Parasuram\Django_Training\new\Lib\site-packages\django\http\request.py first seen with mtime 1743655957.7716136
2025-04-03 10:48:29,866 - DEBUG: File D:\Parasuram\Django_Training\new\Lib\site-packages\django\contrib\auth\hashers.py first seen with mtime 1743655955.568643
2025-04-03 10:48:29,866 - DEBUG: File D:\Parasuram\Django_Training\new\Lib\site-packages\django\contrib\contenttypes\admin.py first seen with mtime 1743655955.8323514
2025-04-03 10:48:29,866 - DEBUG: File C:\Users\paras\AppData\Local\Programs\Python\Python38\Lib\sqlite3\dbapi2.py first seen with mtime 1582653636.0
2025-04-03 10:48:29,866 - DEBUG: File D:\Parasuram\Django_Training\new\Lib\site-packages\idna\core.py first seen with mtime 1742299832.4016483
2025-04-03 10:48:29,866 - DEBUG: File D:\Parasuram\Django_Training\new\Lib\site-packages\requests\api.py first seen with mtime 1742299846.0057096
2025-04-03 10:48:29,866 - DEBUG: File C:\Users\paras\AppData\Local\Programs\Python\Python38\Lib\unittest\suite.py first seen with mtime 1582653636.0
2025-04-03 10:48:29,866 - DEBUG: File C:\Users\paras\AppData\Local\Programs\Python\Python38\Lib\pickle.py first seen with mtime 1582653636.0
2025-04-03 10:48:29,866 - DEBUG: File D:\Parasuram\Django_Training\new\Lib\site-packages\django\template\library.py first seen with mtime 1743655957.7853692
2025-04-03 10:48:29,866 - DEBUG: File D:\Parasuram\Django_Training\new\Lib\site-packages\sqlparse\exceptions.py first seen with mtime 1742299846.5404713
2025-04-03 10:48:29,866 - DEBUG: File C:\Users\paras\AppData\Local\Programs\Python\Python38\Lib\concurrent\futures\__init__.py first seen with mtime 1582653636.0
2025-04-03 10:48:29,866 - DEBUG: File C:\Users\paras\AppData\Local\Programs\Python\Python38\Lib\email\_encoded_words.py first seen with mtime 1582653636.0
2025-04-03 10:48:29,867 - DEBUG: File D:\Parasuram\Django_Training\new\Lib\site-packages\django\contrib\messages\storage\__init__.py first seen with mtime 1743655956.7031288
2025-04-03 10:48:29,867 - DEBUG: File D:\Parasuram\Django_Training\new\Lib\site-packages\urllib3\util\retry.py first seen with mtime 1742299846.8629775
2025-04-03 10:48:29,867 - DEBUG: File D:\Parasuram\Django_Training\new\Lib\site-packages\django\dispatch\dispatcher.py first seen with mtime 1743655957.7113078
2025-04-03 10:48:29,867 - DEBUG: File D:\Parasuram\Django_Training\new\Lib\site-packages\asgiref\__init__.py first seen with mtime 1742299828.4501812
2025-04-03 10:48:29,867 - DEBUG: File D:\Parasuram\Django_Training\new\Lib\site-packages\charset_normalizer\__init__.py first seen with mtime 1742299828.8644524
2025-04-03 10:48:29,867 - DEBUG: File D:\Parasuram\Django_Training\new\Lib\site-packages\django\utils\functional.py first seen with mtime 1743655957.8610802
2025-04-03 10:48:29,867 - DEBUG: File C:\Users\paras\AppData\Local\Programs\Python\Python38\Lib\decimal.py first seen with mtime 1582653636.0
2025-04-03 10:48:29,867 - DEBUG: File D:\Parasuram\Django_Training\new\Lib\site-packages\psycopg2\compat.py first seen with mtime 1742299845.1248183
2025-04-03 10:48:29,867 - DEBUG: File D:\Parasuram\Django_Training\new\Lib\site-packages\sqlparse\filters\right_margin.py first seen with mtime 1742299846.5504682
2025-04-03 10:48:29,867 - DEBUG: File C:\Users\paras\AppData\Local\Programs\Python\Python38\Lib\configparser.py first seen with mtime 1582653636.0
2025-04-03 10:48:29,868 - DEBUG: File D:\Parasuram\Django_Training\new\Lib\site-packages\django\utils\translation\reloader.py first seen with mtime 1743655957.887611
2025-04-03 10:48:29,868 - DEBUG: File C:\Users\paras\AppData\Local\Programs\Python\Python38\Lib\encodings\__init__.py first seen with mtime 1582653636.0
2025-04-03 10:48:29,868 - DEBUG: File D:\Parasuram\Django_Training\new\Lib\site-packages\urllib3\_collections.py first seen with mtime 1742299846.849204
2025-04-03 10:48:29,868 - DEBUG: File C:\Users\paras\AppData\Local\Programs\Python\Python38\Lib\asyncio\constants.py first seen with mtime 1582653636.0
2025-04-03 10:48:29,868 - DEBUG: File D:\Parasuram\Django_Training\new\Lib\site-packages\django\utils\decorators.py first seen with mtime 1743655957.8560793
2025-04-03 10:48:29,868 - DEBUG: File D:\Parasuram\Django_Training\new\Lib\site-packages\django\views\decorators\debug.py first seen with mtime 1743655957.8996167
2025-04-03 10:48:29,868 - DEBUG: File C:\Users\paras\AppData\Local\Programs\Python\Python38\DLLs\_overlapped.pyd first seen with mtime 1582653654.0
2025-04-03 10:48:29,868 - DEBUG: File C:\Users\paras\AppData\Local\Programs\Python\Python38\Lib\os.py first seen with mtime 1582653636.0
2025-04-03 10:48:29,868 - DEBUG: File D:\Parasuram\Django_Training\new\Lib\site-packages\django\test\utils.py first seen with mtime 1743655957.83889
2025-04-03 10:48:29,868 - DEBUG: File D:\Parasuram\Django_Training\new\Lib\site-packages\rest_framework\schemas\coreapi.py first seen with mtime 1743656084.1304412
2025-04-03 10:48:29,869 - DEBUG: File D:\Parasuram\Django_Training\new\Lib\site-packages\django\core\checks\security\__init__.py first seen with mtime 1743655957.562992
2025-04-03 10:48:29,869 - DEBUG: File D:\Parasuram\Django_Training\new\Lib\site-packages\django\contrib\sessions\base_session.py first seen with mtime 1743655957.081419
2025-04-03 10:48:29,869 - DEBUG: File C:\Users\paras\AppData\Local\Programs\Python\Python38\Lib\email\policy.py first seen with mtime 1582653636.0
2025-04-03 10:48:29,869 - DEBUG: File C:\Users\paras\AppData\Local\Programs\Python\Python38\Lib\tempfile.py first seen with mtime 1582653636.0
2025-04-03 10:48:29,869 - DEBUG: File D:\Parasuram\Django_Training\new\Lib\site-packages\charset_normalizer\legacy.py first seen with mtime 1742299828.872862
2025-04-03 10:48:29,869 - DEBUG: File C:\Users\paras\AppData\Local\Programs\Python\Python38\Lib\re.py first seen with mtime 1582653636.0
2025-04-03 10:48:29,869 - DEBUG: File D:\Parasuram\Django_Training\new\Lib\site-packages\psycopg2\_json.py first seen with mtime 1742299845.109438
2025-04-03 10:48:29,869 - DEBUG: File C:\Users\paras\AppData\Local\Programs\Python\Python38\DLLs\select.pyd first seen with mtime 1582653654.0
2025-04-03 10:48:29,869 - DEBUG: File D:\Parasuram\Django_Training\new\Lib\site-packages\django\contrib\staticfiles\apps.py first seen with mtime 1743655957.5294373
2025-04-03 10:48:29,869 - DEBUG: File D:\Parasuram\Django_Training\new\Lib\site-packages\django\middleware\csrf.py first seen with mtime 1743655957.7756143
2025-04-03 10:48:29,869 - DEBUG: File D:\Parasuram\Django_Training\new\Lib\site-packages\urllib3\__init__.py first seen with mtime 1742299846.8480456
2025-04-03 10:48:29,870 - DEBUG: File D:\Parasuram\Django_Training\new\Lib\site-packages\django\core\__init__.py first seen with mtime 1743655957.5414367
2025-04-03 10:48:29,870 - DEBUG: File D:\Parasuram\Django_Training\new\Lib\site-packages\requests\compat.py first seen with mtime 1742299846.0077999
2025-04-03 10:48:29,870 - DEBUG: File C:\Users\paras\AppData\Local\Programs\Python\Python38\Lib\zipfile.py first seen with mtime 1582653636.0
2025-04-03 10:48:29,870 - DEBUG: File D:\Parasuram\Django_Training\new\Lib\site-packages\django\views\__init__.py first seen with mtime 1743655957.8906097
2025-04-03 10:48:29,870 - DEBUG: File C:\Users\paras\AppData\Local\Programs\Python\Python38\Lib\asyncio\staggered.py first seen with mtime 1582653636.0
2025-04-03 10:48:29,870 - DEBUG: File D:\Parasuram\Django_Training\new\Lib\site-packages\django\utils\formats.py first seen with mtime 1743655957.86008
2025-04-03 10:48:29,870 - DEBUG: File D:\Parasuram\Django_Training\new\Lib\site-packages\django\utils\__init__.py first seen with mtime 1743655957.8448894
2025-04-03 10:48:29,870 - DEBUG: File D:\Parasuram\Django_Training\new\Lib\site-packages\django\views\generic\__init__.py first seen with mtime 1743655957.9026172
2025-04-03 10:48:29,870 - DEBUG: File C:\Users\paras\AppData\Local\Programs\Python\Python38\Lib\hashlib.py first seen with mtime 1582653636.0
2025-04-03 10:48:29,870 - DEBUG: File D:\Parasuram\Django_Training\new\Lib\site-packages\django\utils\itercompat.py first seen with mtime 1743655957.8716536
2025-04-03 10:48:29,871 - DEBUG: File D:\Parasuram\Django_Training\logging\DJANGO-LOGGING\pylog\views.py first seen with mtime 1743514463.9079003
2025-04-03 10:48:29,871 - DEBUG: File C:\Users\paras\AppData\Local\Programs\Python\Python38\Lib\fnmatch.py first seen with mtime 1582653636.0
2025-04-03 10:48:29,871 - DEBUG: File C:\Users\paras\AppData\Local\Programs\Python\Python38\DLLs\_hashlib.pyd first seen with mtime 1582653654.0
2025-04-03 10:48:29,871 - DEBUG: File C:\Users\paras\AppData\Local\Programs\Python\Python38\Lib\numbers.py first seen with mtime 1582653636.0
2025-04-03 10:48:29,871 - DEBUG: File D:\Parasuram\Django_Training\new\Lib\site-packages\django\urls\base.py first seen with mtime 1743655957.8398879
2025-04-03 10:48:29,871 - DEBUG: File D:\Parasuram\Django_Training\new\Lib\site-packages\django\template\utils.py first seen with mtime 1743655957.789386
2025-04-03 10:48:29,871 - DEBUG: File C:\Users\paras\AppData\Local\Programs\Python\Python38\Lib\concurrent\futures\thread.py first seen with mtime 1582653636.0
2025-04-03 10:48:29,871 - DEBUG: File D:\Parasuram\Django_Training\new\Lib\site-packages\django\core\management\sql.py first seen with mtime 1743655957.5891352
2025-04-03 10:48:29,871 - DEBUG: File D:\Parasuram\Django_Training\new\Lib\site-packages\django\middleware\cache.py first seen with mtime 1743655957.773615
2025-04-03 10:48:29,871 - DEBUG: File C:\Users\paras\AppData\Local\Programs\Python\Python38\Lib\xml\dom\xmlbuilder.py first seen with mtime 1582653636.0
2025-04-03 10:48:29,872 - DEBUG: File D:\Parasuram\Django_Training\new\Lib\site-packages\django\db\__init__.py first seen with mtime 1743655957.6184812
2025-04-03 10:48:29,872 - DEBUG: File D:\Parasuram\Django_Training\new\Lib\site-packages\django\contrib\contenttypes\apps.py first seen with mtime 1743655955.8333523
2025-04-03 10:48:29,872 - DEBUG: File D:\Parasuram\Django_Training\new\Lib\site-packages\psycopg2\_ipaddress.py first seen with mtime 1742299845.1084356
2025-04-03 10:48:29,872 - DEBUG: File C:\Users\paras\AppData\Local\Programs\Python\Python38\Lib\ctypes\wintypes.py first seen with mtime 1582653636.0
2025-04-03 10:48:29,872 - DEBUG: File D:\Parasuram\Django_Training\new\Lib\site-packages\django\db\models\functions\window.py first seen with mtime 1743655957.7037885
2025-04-03 10:48:29,872 - DEBUG: File D:\Parasuram\Django_Training\new\Lib\site-packages\django\utils\html.py first seen with mtime 1743655957.8654811
2025-04-03 10:48:29,872 - DEBUG: File C:\Users\paras\AppData\Local\Programs\Python\Python38\Lib\unittest\case.py first seen with mtime 1582653636.0
2025-04-03 10:48:29,872 - DEBUG: File C:\Users\paras\AppData\Local\Programs\Python\Python38\Lib\email\mime\base.py first seen with mtime 1582653636.0
2025-04-03 10:48:29,872 - DEBUG: File C:\Users\paras\AppData\Local\Programs\Python\Python38\Lib\email\mime\message.py first seen with mtime 1582653636.0
2025-04-03 10:48:29,872 - DEBUG: File D:\Parasuram\Django_Training\new\Lib\site-packages\rest_framework\utils\humanize_datetime.py first seen with mtime 1743656084.1893106
2025-04-03 10:48:29,872 - DEBUG: File C:\Users\paras\AppData\Local\Programs\Python\Python38\Lib\encodings\cp1252.py first seen with mtime 1582653636.0
2025-04-03 10:48:29,873 - DEBUG: File C:\Users\paras\AppData\Local\Programs\Python\Python38\DLLs\_bz2.pyd first seen with mtime 1582653654.0
2025-04-03 10:48:29,873 - DEBUG: File D:\Parasuram\Django_Training\new\Lib\site-packages\django\contrib\postgres\search.py first seen with mtime 1743655956.7127807
2025-04-03 10:48:29,873 - DEBUG: File C:\Users\paras\AppData\Local\Programs\Python\Python38\DLLs\_ctypes.pyd first seen with mtime 1582653654.0
2025-04-03 10:48:29,873 - DEBUG: File D:\Parasuram\Django_Training\new\Lib\site-packages\django\contrib\sites\__init__.py first seen with mtime 1743655957.3297915
2025-04-03 10:48:29,873 - DEBUG: File D:\Parasuram\Django_Training\new\Lib\site-packages\django\template\backends\django.py first seen with mtime 1743655957.791394
2025-04-03 10:48:29,873 - DEBUG: File C:\Users\paras\AppData\Local\Programs\Python\Python38\Lib\struct.py first seen with mtime 1582653636.0
2025-04-03 10:48:29,873 - DEBUG: File C:\Users\paras\AppData\Local\Programs\Python\Python38\Lib\asyncio\base_events.py first seen with mtime 1582653636.0
2025-04-03 10:48:29,873 - DEBUG: File C:\Users\paras\AppData\Local\Programs\Python\Python38\Lib\urllib\__init__.py first seen with mtime 1582653636.0
2025-04-03 10:48:29,873 - DEBUG: File D:\Parasuram\Django_Training\new\Lib\site-packages\rest_framework\exceptions.py first seen with mtime 1743656084.064007
2025-04-03 10:48:29,874 - DEBUG: File D:\Parasuram\Django_Training\new\Lib\site-packages\django\db\migrations\operations\special.py first seen with mtime 1743655957.6770616
2025-04-03 10:48:29,874 - DEBUG: File D:\Parasuram\Django_Training\new\Lib\site-packages\django\db\models\sql\query.py first seen with mtime 1743655957.7082946
2025-04-03 10:48:29,874 - DEBUG: File C:\Users\paras\AppData\Local\Programs\Python\Python38\Lib\xml\dom\NodeFilter.py first seen with mtime 1582653636.0
2025-04-03 10:48:29,874 - DEBUG: File D:\Parasuram\Django_Training\new\Lib\site-packages\django\utils\datastructures.py first seen with mtime 1743655957.8520813
2025-04-03 10:48:29,874 - DEBUG: File D:\Parasuram\Django_Training\new\Lib\site-packages\django\utils\topological_sort.py first seen with mtime 1743655957.8836114
2025-04-03 10:48:29,874 - DEBUG: File C:\Users\paras\AppData\Local\Programs\Python\Python38\Lib\json\scanner.py first seen with mtime 1582653636.0
2025-04-03 10:48:29,874 - DEBUG: File C:\Users\paras\AppData\Local\Programs\Python\Python38\Lib\genericpath.py first seen with mtime 1582653636.0
2025-04-03 10:48:29,874 - DEBUG: File D:\Parasuram\Django_Training\new\Lib\site-packages\django\apps\registry.py first seen with mtime 1743655954.780701
2025-04-03 10:48:29,874 - DEBUG: File C:\Users\paras\AppData\Local\Programs\Python\Python38\Lib\email\generator.py first seen with mtime 1582653636.0
2025-04-03 10:48:29,874 - DEBUG: File D:\Parasuram\Django_Training\new\Lib\site-packages\django\db\backends\sqlite3\features.py first seen with mtime 1743655957.6587758
2025-04-03 10:48:29,874 - DEBUG: File D:\Parasuram\Django_Training\new\Lib\site-packages\django\db\models\options.py first seen with mtime 1743655957.687692
2025-04-03 10:48:29,875 - DEBUG: File D:\Parasuram\Django_Training\new\Lib\site-packages\urllib3\util\response.py first seen with mtime 1742299846.8619795
2025-04-03 10:48:29,875 - DEBUG: File D:\Parasuram\Django_Training\new\Lib\site-packages\django\test\__init__.py first seen with mtime 1743655957.83287
2025-04-03 10:48:29,875 - DEBUG: File D:\Parasuram\Django_Training\logging\DJANGO-LOGGING\pylog\admin.py first seen with mtime 1743657043.9618526
2025-04-03 10:48:29,875 - DEBUG: File C:\Users\paras\AppData\Local\Programs\Python\Python38\Lib\ctypes\__init__.py first seen with mtime 1582653636.0
2025-04-03 10:48:29,875 - DEBUG: File D:\Parasuram\Django_Training\new\Lib\site-packages\django\conf\urls\__init__.py first seen with mtime 1743655954.9822602
2025-04-03 10:48:29,875 - DEBUG: File D:\Parasuram\Django_Training\new\Lib\site-packages\django\template\loader_tags.py first seen with mtime 1743655957.7873776
2025-04-03 10:48:29,875 - DEBUG: File D:\Parasuram\Django_Training\new\Lib\site-packages\psycopg2\errors.py first seen with mtime 1742299845.1262648
2025-04-03 10:48:29,875 - DEBUG: File D:\Parasuram\Django_Training\new\Lib\site-packages\django\db\backends\sqlite3\operations.py first seen with mtime 1743655957.6610582
2025-04-03 10:48:29,875 - DEBUG: File D:\Parasuram\Django_Training\new\Lib\site-packages\django\utils\dateformat.py first seen with mtime 1743655957.853083
2025-04-03 10:48:29,875 - DEBUG: File C:\Users\paras\AppData\Local\Programs\Python\Python38\Lib\functools.py first seen with mtime 1582653636.0
2025-04-03 10:48:29,875 - DEBUG: File D:\Parasuram\Django_Training\new\Lib\site-packages\django\utils\_os.py first seen with mtime 1743655957.845892
2025-04-03 10:48:29,876 - DEBUG: File D:\Parasuram\Django_Training\new\Lib\site-packages\django\utils\translation\__init__.py first seen with mtime 1743655957.887611
2025-04-03 10:48:29,876 - DEBUG: File C:\Users\paras\AppData\Local\Programs\Python\Python38\DLLs\_socket.pyd first seen with mtime 1582653656.0
2025-04-03 10:48:29,876 - DEBUG: File D:\Parasuram\Django_Training\new\Lib\site-packages\django\db\models\indexes.py first seen with mtime 1743655957.6856935
2025-04-03 10:48:29,876 - DEBUG: File D:\Parasuram\Django_Training\new\Lib\site-packages\sqlparse\sql.py first seen with mtime 1742299846.5424807
2025-04-03 10:48:29,876 - DEBUG: File C:\Users\paras\AppData\Local\Programs\Python\Python38\Lib\asyncio\__init__.py first seen with mtime 1582653636.0
2025-04-03 10:48:29,876 - DEBUG: File D:\Parasuram\Django_Training\new\Lib\site-packages\sqlparse\cli.py first seen with mtime 1742299846.5394676
2025-04-03 10:48:29,876 - DEBUG: File D:\Parasuram\Django_Training\new\Lib\site-packages\django\core\checks\__init__.py first seen with mtime 1743655957.5550625
2025-04-03 10:48:29,876 - DEBUG: File D:\Parasuram\Django_Training\new\Lib\site-packages\rest_framework\utils\formatting.py first seen with mtime 1743656084.1883118
2025-04-03 10:48:29,877 - DEBUG: File C:\Users\paras\AppData\Local\Programs\Python\Python38\Lib\_compression.py first seen with mtime 1582653636.0
2025-04-03 10:48:29,877 - DEBUG: File D:\Parasuram\Django_Training\new\Lib\site-packages\django\views\decorators\__init__.py first seen with mtime 1743655957.8966186
2025-04-03 10:48:29,877 - DEBUG: File D:\Parasuram\Django_Training\new\Lib\site-packages\django\forms\fields.py first seen with mtime 1743655957.7153027
2025-04-03 10:48:29,877 - DEBUG: File D:\Parasuram\Django_Training\new\Lib\site-packages\django\contrib\postgres\utils.py first seen with mtime 1743655956.71578
2025-04-03 10:48:29,877 - DEBUG: File D:\Parasuram\Django_Training\new\Lib\site-packages\django\db\models\signals.py first seen with mtime 1743655957.6896915
2025-04-03 10:48:29,877 - DEBUG: File D:\Parasuram\Django_Training\new\Lib\site-packages\django\db\backends\sqlite3\__init__.py first seen with mtime 1743655957.6567736
2025-04-03 10:48:29,877 - DEBUG: File D:\Parasuram\Django_Training\new\Lib\site-packages\django\test\html.py first seen with mtime 1743655957.8338695
2025-04-03 10:48:29,877 - DEBUG: File D:\Parasuram\Django_Training\new\Lib\site-packages\django\views\generic\edit.py first seen with mtime 1743655957.9102137
2025-04-03 10:48:29,877 - DEBUG: File D:\Parasuram\Django_Training\new\Lib\site-packages\django\utils\safestring.py first seen with mtime 1743655957.877653
2025-04-03 10:48:29,878 - DEBUG: File D:\Parasuram\Django_Training\new\Lib\site-packages\django\contrib\admin\views\autocomplete.py first seen with mtime 1743655955.4082942
2025-04-03 10:48:29,878 - DEBUG: File D:\Parasuram\Django_Training\new\Lib\site-packages\requests\adapters.py first seen with mtime 1742299846.0057096
2025-04-03 10:48:29,878 - DEBUG: File D:\Parasuram\Django_Training\new\Lib\site-packages\rest_framework\decorators.py first seen with mtime 1743656084.0630164
2025-04-03 10:48:29,878 - DEBUG: File D:\Parasuram\Django_Training\new\Lib\site-packages\rest_framework\relations.py first seen with mtime 1743656084.0690086
2025-04-03 10:48:29,878 - DEBUG: File C:\Users\paras\AppData\Local\Programs\Python\Python38\Lib\email\_header_value_parser.py first seen with mtime 1582653636.0
2025-04-03 10:48:29,878 - DEBUG: File D:\Parasuram\Django_Training\new\Lib\site-packages\certifi\__init__.py first seen with mtime 1742299828.562667
2025-04-03 10:48:29,878 - DEBUG: File C:\Users\paras\AppData\Local\Programs\Python\Python38\Lib\codecs.py first seen with mtime 1582653636.0
2025-04-03 10:48:29,878 - DEBUG: File D:\Parasuram\Django_Training\new\Lib\site-packages\django\test\testcases.py first seen with mtime 1743655957.837888
2025-04-03 10:48:29,878 - DEBUG: File D:\Parasuram\Django_Training\new\Lib\site-packages\django\template\smartif.py first seen with mtime 1743655957.789386
2025-04-03 10:48:29,878 - DEBUG: File D:\Parasuram\Django_Training\new\Lib\site-packages\django\db\models\fields\related_lookups.py first seen with mtime 1743655957.6977
2025-04-03 10:48:29,879 - DEBUG: File D:\Parasuram\Django_Training\new\Lib\site-packages\django\contrib\auth\decorators.py first seen with mtime 1743655955.5666435
2025-04-03 10:48:29,879 - DEBUG: File C:\Users\paras\AppData\Local\Programs\Python\Python38\Lib\email\encoders.py first seen with mtime 1582653636.0
2025-04-03 10:48:29,879 - DEBUG: File D:\Parasuram\Django_Training\new\Lib\site-packages\django\template\context.py first seen with mtime 1743655957.781615
2025-04-03 10:48:29,879 - DEBUG: File D:\Parasuram\Django_Training\logging\DJANGO-LOGGING\main\urls.py first seen with mtime 1743657257.4277992
2025-04-03 10:48:29,879 - DEBUG: File D:\Parasuram\Django_Training\new\Lib\site-packages\django\template\__init__.py first seen with mtime 1743655957.7806163
2025-04-03 10:48:29,879 - DEBUG: File D:\Parasuram\Django_Training\new\Lib\site-packages\django\contrib\auth\forms.py first seen with mtime 1743655955.5676432
2025-04-03 10:48:29,879 - DEBUG: File C:\Users\paras\AppData\Local\Programs\Python\Python38\Lib\asyncio\base_subprocess.py first seen with mtime 1582653636.0
2025-04-03 10:48:29,879 - DEBUG: File C:\Users\paras\AppData\Local\Programs\Python\Python38\Lib\gzip.py first seen with mtime 1582653636.0
2025-04-03 10:48:29,879 - DEBUG: File D:\Parasuram\Django_Training\new\Lib\site-packages\django\db\migrations\operations\fields.py first seen with mtime 1743655957.6750598
2025-04-03 10:48:29,879 - DEBUG: File D:\Parasuram\Django_Training\new\Lib\site-packages\pytz\__init__.py first seen with mtime 1742299845.5947022
2025-04-03 10:48:29,880 - DEBUG: File D:\Parasuram\Django_Training\new\Lib\site-packages\django\templatetags\static.py first seen with mtime 1743655957.8308706
2025-04-03 10:48:29,880 - DEBUG: File C:\Users\paras\AppData\Local\Programs\Python\Python38\Lib\threading.py first seen with mtime 1582653636.0
2025-04-03 10:48:29,880 - DEBUG: File C:\Users\paras\AppData\Local\Programs\Python\Python38\Lib\concurrent\futures\_base.py first seen with mtime 1582653636.0
2025-04-03 10:48:29,880 - DEBUG: File D:\Parasuram\Django_Training\new\Lib\site-packages\django\urls\converters.py first seen with mtime 1743655957.841888
2025-04-03 10:48:29,880 - DEBUG: File C:\Users\paras\AppData\Local\Programs\Python\Python38\Lib\stat.py first seen with mtime 1582653636.0
2025-04-03 10:48:29,880 - DEBUG: File D:\Parasuram\Django_Training\new\Lib\site-packages\django\db\models\query_utils.py first seen with mtime 1743655957.688692
2025-04-03 10:48:29,880 - DEBUG: File D:\Parasuram\Django_Training\new\Lib\site-packages\django\db\backends\sqlite3\schema.py first seen with mtime 1743655957.6620586
2025-04-03 10:48:29,880 - DEBUG: File C:\Users\paras\AppData\Local\Programs\Python\Python38\Lib\unittest\runner.py first seen with mtime 1582653636.0
2025-04-03 10:48:29,880 - DEBUG: File D:\Parasuram\Django_Training\new\Lib\site-packages\django\core\handlers\base.py first seen with mtime 1743655957.575998
2025-04-03 10:48:29,880 - DEBUG: File C:\Users\paras\AppData\Local\Programs\Python\Python38\Lib\http\server.py first seen with mtime 1582653636.0
2025-04-03 10:48:29,880 - DEBUG: File D:\Parasuram\Django_Training\new\Lib\site-packages\django\core\servers\__init__.py first seen with mtime 1743655957.6164808
2025-04-03 10:48:29,880 - DEBUG: File D:\Parasuram\Django_Training\new\Lib\site-packages\rest_framework\renderers.py first seen with mtime 1743656084.0690086
2025-04-03 10:48:29,880 - DEBUG: File C:\Users\paras\AppData\Local\Programs\Python\Python38\Lib\email\header.py first seen with mtime 1582653636.0
2025-04-03 10:48:29,880 - DEBUG: File D:\Parasuram\Django_Training\new\Lib\site-packages\django\db\models\functions\math.py first seen with mtime 1743655957.7017903
2025-04-03 10:48:29,880 - DEBUG: File D:\Parasuram\Django_Training\new\Lib\site-packages\django\core\checks\messages.py first seen with mtime 1743655957.5580633
2025-04-03 10:48:29,880 - DEBUG: File D:\Parasuram\Django_Training\new\Lib\site-packages\django\utils\tree.py first seen with mtime 1743655957.8846104
2025-04-03 10:48:29,880 - DEBUG: File C:\Users\paras\AppData\Local\Programs\Python\Python38\Lib\hmac.py first seen with mtime 1582653636.0
2025-04-03 10:48:29,882 - DEBUG: File D:\Parasuram\Django_Training\new\Lib\site-packages\urllib3\util\ssl_.py first seen with mtime 1742299846.8641112
2025-04-03 10:48:29,882 - DEBUG: File C:\Users\paras\AppData\Local\Programs\Python\Python38\Lib\opcode.py first seen with mtime 1582653636.0
2025-04-03 10:48:29,882 - DEBUG: File D:\Parasuram\Django_Training\new\Lib\site-packages\django\utils\text.py first seen with mtime 1743655957.8816009
2025-04-03 10:48:29,882 - DEBUG: File D:\Parasuram\Django_Training\new\Lib\site-packages\psycopg2\extensions.py first seen with mtime 1742299845.127267
2025-04-03 10:48:29,882 - DEBUG: File D:\Parasuram\Django_Training\new\Lib\site-packages\rest_framework\validators.py first seen with mtime 1743656084.076197
2025-04-03 10:48:29,882 - DEBUG: File C:\Users\paras\AppData\Local\Programs\Python\Python38\Lib\email\feedparser.py first seen with mtime 1582653636.0
2025-04-03 10:48:29,882 - DEBUG: File C:\Users\paras\AppData\Local\Programs\Python\Python38\Lib\collections\abc.py first seen with mtime 1582653636.0
2025-04-03 10:48:29,882 - DEBUG: File C:\Users\paras\AppData\Local\Programs\Python\Python38\Lib\copy.py first seen with mtime 1582653636.0
2025-04-03 10:48:29,882 - DEBUG: File D:\Parasuram\Django_Training\new\Lib\site-packages\django\utils\encoding.py first seen with mtime 1743655957.85808
2025-04-03 10:48:29,882 - DEBUG: File D:\Parasuram\Django_Training\logging\DJANGO-LOGGING\main\__init__.py first seen with mtime 1743657031.0580964
2025-04-03 10:48:29,883 - DEBUG: File D:\Parasuram\Django_Training\new\Lib\site-packages\urllib3\http2\__init__.py first seen with mtime 1742299846.8589866
2025-04-03 10:48:29,883 - DEBUG: File D:\Parasuram\Django_Training\new\Lib\site-packages\urllib3\exceptions.py first seen with mtime 1742299846.8518577
2025-04-03 10:48:29,883 - DEBUG: File D:\Parasuram\Django_Training\new\Lib\site-packages\django\core\exceptions.py first seen with mtime 1743655957.5424383
2025-04-03 10:48:29,883 - DEBUG: File D:\Parasuram\Django_Training\new\Lib\site-packages\django\contrib\postgres\fields\citext.py first seen with mtime 1743655956.7217803
2025-04-03 10:48:29,883 - DEBUG: File C:\Users\paras\AppData\Local\Programs\Python\Python38\Lib\_sitebuiltins.py first seen with mtime 1582653636.0
2025-04-03 10:48:29,883 - DEBUG: File D:\Parasuram\Django_Training\new\Lib\site-packages\django\contrib\auth\validators.py first seen with mtime 1743655955.5738347
2025-04-03 10:48:29,883 - DEBUG: File C:\Users\paras\AppData\Local\Programs\Python\Python38\Lib\unittest\main.py first seen with mtime 1582653636.0
2025-04-03 10:48:29,883 - DEBUG: File D:\Parasuram\Django_Training\new\Lib\site-packages\django\template\backends\base.py first seen with mtime 1743655957.791394
2025-04-03 10:48:29,883 - DEBUG: File C:\Users\paras\AppData\Local\Programs\Python\Python38\DLLs\_sqlite3.pyd first seen with mtime 1582653654.0
2025-04-03 10:48:29,883 - DEBUG: File C:\Users\paras\AppData\Local\Programs\Python\Python38\Lib\email\iterators.py first seen with mtime 1582653636.0
2025-04-03 10:48:29,883 - DEBUG: File C:\Users\paras\AppData\Local\Programs\Python\Python38\Lib\inspect.py first seen with mtime 1582653636.0
2025-04-03 10:48:29,884 - DEBUG: File C:\Users\paras\AppData\Local\Programs\Python\Python38\Lib\ipaddress.py first seen with mtime 1582653636.0
2025-04-03 10:48:29,884 - DEBUG: File D:\Parasuram\Django_Training\new\Lib\site-packages\django\db\migrations\operations\utils.py first seen with mtime 1743655957.6770616
2025-04-03 10:48:29,884 - DEBUG: File D:\Parasuram\Django_Training\new\Lib\site-packages\django\http\cookie.py first seen with mtime 1743655957.7696135
2025-04-03 10:48:29,884 - DEBUG: File C:\Users\paras\AppData\Local\Programs\Python\Python38\Lib\pprint.py first seen with mtime 1582653636.0
2025-04-03 10:48:29,884 - DEBUG: File D:\Parasuram\Django_Training\new\Lib\site-packages\django\db\backends\sqlite3\creation.py first seen with mtime 1743655957.6587758
2025-04-03 10:48:29,884 - DEBUG: File C:\Users\paras\AppData\Local\Programs\Python\Python38\Lib\asyncio\protocols.py first seen with mtime 1582653636.0
2025-04-03 10:48:29,884 - DEBUG: File C:\Users\paras\AppData\Local\Programs\Python\Python38\Lib\email\base64mime.py first seen with mtime 1582653636.0
2025-04-03 10:48:29,884 - DEBUG: File C:\Users\paras\AppData\Local\Programs\Python\Python38\Lib\email\_parseaddr.py first seen with mtime 1582653636.0
2025-04-03 10:48:29,884 - DEBUG: File C:\Users\paras\AppData\Local\Programs\Python\Python38\Lib\xml\__init__.py first seen with mtime 1582653636.0
2025-04-03 10:48:29,884 - DEBUG: File D:\Parasuram\Django_Training\new\Lib\site-packages\django\db\models\enums.py first seen with mtime 1743655957.683692
2025-04-03 10:48:29,885 - DEBUG: File D:\Parasuram\Django_Training\new\Lib\site-packages\django\core\mail\__init__.py first seen with mtime 1743655957.5787404
2025-04-03 10:48:29,885 - DEBUG: File D:\Parasuram\Django_Training\new\Lib\site-packages\django\db\backends\base\features.py first seen with mtime 1743655957.6272104
2025-04-03 10:48:29,885 - DEBUG: File C:\Users\paras\AppData\Local\Programs\Python\Python38\Lib\nturl2path.py first seen with mtime 1582653636.0
2025-04-03 10:48:29,885 - DEBUG: File D:\Parasuram\Django_Training\new\Lib\site-packages\django\contrib\postgres\fields\array.py first seen with mtime 1743655956.7207804
2025-04-03 10:48:29,885 - DEBUG: File D:\Parasuram\Django_Training\new\Lib\site-packages\django\http\__init__.py first seen with mtime 1743655957.7696135
2025-04-03 10:48:29,885 - DEBUG: File D:\Parasuram\Django_Training\new\Lib\site-packages\django\core\management\base.py first seen with mtime 1743655957.5881326
2025-04-03 10:48:29,885 - DEBUG: File D:\Parasuram\Django_Training\new\Lib\site-packages\django\db\models\fields\related.py first seen with mtime 1743655957.6957018
2025-04-03 10:48:29,885 - DEBUG: File D:\Parasuram\Django_Training\new\Lib\site-packages\django\core\checks\translation.py first seen with mtime 1743655957.561062
2025-04-03 10:48:29,885 - DEBUG: File D:\Parasuram\Django_Training\new\Lib\site-packages\django\contrib\postgres\__init__.py first seen with mtime 1743655956.7076373
2025-04-03 10:48:29,885 - DEBUG: File D:\Parasuram\Django_Training\new\Lib\site-packages\django\core\checks\registry.py first seen with mtime 1743655957.5590632
2025-04-03 10:48:29,885 - DEBUG: File C:\Users\paras\AppData\Local\Programs\Python\Python38\DLLs\_asyncio.pyd first seen with mtime 1582653654.0
2025-04-03 10:48:29,886 - DEBUG: File D:\Parasuram\Django_Training\new\Lib\site-packages\urllib3\connection.py first seen with mtime 1742299846.8508608
2025-04-03 10:48:29,886 - DEBUG: File C:\Users\paras\AppData\Local\Programs\Python\Python38\Lib\quopri.py first seen with mtime 1582653636.0
2025-04-03 10:48:29,886 - DEBUG: File D:\Parasuram\Django_Training\new\Lib\site-packages\django\db\backends\base\operations.py first seen with mtime 1743655957.6302104
2025-04-03 10:48:29,886 - DEBUG: File D:\Parasuram\Django_Training\new\Lib\site-packages\django\contrib\postgres\validators.py first seen with mtime 1743655956.71578
2025-04-03 10:48:29,886 - DEBUG: File D:\Parasuram\Django_Training\new\Lib\site-packages\django\forms\formsets.py first seen with mtime 1743655957.716305
2025-04-03 10:48:29,886 - DEBUG: File C:\Users\paras\AppData\Local\Programs\Python\Python38\Lib\reprlib.py first seen with mtime 1582653636.0
2025-04-03 10:48:29,886 - DEBUG: File D:\Parasuram\Django_Training\new\Lib\site-packages\rest_framework\mixins.py first seen with mtime 1743656084.0670059
2025-04-03 10:48:29,886 - DEBUG: File D:\Parasuram\Django_Training\new\Lib\site-packages\sqlparse\filters\aligned_indent.py first seen with mtime 1742299846.5480862
2025-04-03 10:48:29,886 - DEBUG: File D:\Parasuram\Django_Training\new\Lib\site-packages\django\forms\forms.py first seen with mtime 1743655957.716305
2025-04-03 10:48:29,886 - DEBUG: File C:\Users\paras\AppData\Local\Programs\Python\Python38\Lib\asyncio\transports.py first seen with mtime 1582653636.0
2025-04-03 10:48:29,887 - DEBUG: File D:\Parasuram\Django_Training\new\Lib\site-packages\django\forms\models.py first seen with mtime 1743655957.7173035
2025-04-03 10:48:29,887 - DEBUG: File C:\Users\paras\AppData\Local\Programs\Python\Python38\Lib\unittest\async_case.py first seen with mtime 1582653636.0
2025-04-03 10:48:29,887 - DEBUG: File D:\Parasuram\Django_Training\new\Lib\site-packages\rest_framework\utils\urls.py first seen with mtime 1743656084.1923132
2025-04-03 10:48:29,887 - DEBUG: File D:\Parasuram\Django_Training\new\Lib\site-packages\urllib3\util\ssltransport.py first seen with mtime 1742299846.8651226
2025-04-03 10:48:29,887 - DEBUG: File D:\Parasuram\Django_Training\new\Lib\site-packages\django\urls\conf.py first seen with mtime 1743655957.8408895
2025-04-03 10:48:29,887 - DEBUG: File D:\Parasuram\Django_Training\new\Lib\site-packages\django\db\backends\base\__init__.py first seen with mtime 1743655957.624211
2025-04-03 10:48:29,887 - DEBUG: File D:\Parasuram\Django_Training\new\Lib\site-packages\psycopg2\_range.py first seen with mtime 1742299845.1248183
2025-04-03 10:48:29,887 - DEBUG: File C:\Users\paras\AppData\Local\Programs\Python\Python38\Lib\argparse.py first seen with mtime 1582653636.0
2025-04-03 10:48:29,887 - DEBUG: File D:\Parasuram\Django_Training\new\Lib\site-packages\django\contrib\contenttypes\fields.py first seen with mtime 1743655955.8343482
2025-04-03 10:48:29,887 - DEBUG: File D:\Parasuram\Django_Training\new\Lib\site-packages\django\contrib\messages\__init__.py first seen with mtime 1743655956.696332
2025-04-03 10:48:29,888 - DEBUG: File D:\Parasuram\Django_Training\new\Lib\site-packages\sqlparse\engine\statement_splitter.py first seen with mtime 1742299846.5470822
2025-04-03 10:48:29,888 - DEBUG: File D:\Parasuram\Django_Training\new\Lib\site-packages\django\core\files\__init__.py first seen with mtime 1743655957.5659907
2025-04-03 10:48:29,888 - DEBUG: File C:\Users\paras\AppData\Local\Programs\Python\Python38\Lib\difflib.py first seen with mtime 1582653636.0
2025-04-03 10:48:29,888 - DEBUG: File D:\Parasuram\Django_Training\new\Lib\site-packages\django\core\signing.py first seen with mtime 1743655957.5450623
2025-04-03 10:48:29,888 - DEBUG: File D:\Parasuram\Django_Training\new\Lib\site-packages\django\contrib\contenttypes\management\__init__.py first seen with mtime 1743655956.013837
2025-04-03 10:48:29,888 - DEBUG: File D:\Parasuram\Django_Training\new\Lib\site-packages\django\contrib\admindocs\views.py first seen with mtime 1743655955.4141808
2025-04-03 10:48:29,888 - DEBUG: File C:\Users\paras\AppData\Local\Programs\Python\Python38\Lib\posixpath.py first seen with mtime 1582653636.0
2025-04-03 10:48:29,888 - DEBUG: File D:\Parasuram\Django_Training\new\Lib\site-packages\django\utils\datetime_safe.py first seen with mtime 1743655957.8550801
2025-04-03 10:48:29,888 - DEBUG: File D:\Parasuram\Django_Training\new\Lib\site-packages\django\contrib\staticfiles\utils.py first seen with mtime 1743655957.5344374
2025-04-03 10:48:29,888 - DEBUG: File C:\Users\paras\AppData\Local\Programs\Python\Python38\Lib\pathlib.py first seen with mtime 1582653636.0
2025-04-03 10:48:29,888 - DEBUG: File D:\Parasuram\Django_Training\new\Lib\site-packages\django\utils\numberformat.py first seen with mtime 1743655957.8766527
2025-04-03 10:48:29,889 - DEBUG: File C:\Users\paras\AppData\Local\Programs\Python\Python38\Lib\importlib\abc.py first seen with mtime 1582653636.0
2025-04-03 10:48:29,889 - DEBUG: File D:\Parasuram\Django_Training\new\Lib\site-packages\django\forms\widgets.py first seen with mtime 1743655957.7198417
2025-04-03 10:48:29,889 - DEBUG: File C:\Users\paras\AppData\Local\Programs\Python\Python38\Lib\_compat_pickle.py first seen with mtime 1582653636.0
2025-04-03 10:48:29,889 - DEBUG: File C:\Users\paras\AppData\Local\Programs\Python\Python38\Lib\getpass.py first seen with mtime 1582653636.0
2025-04-03 10:48:29,889 - DEBUG: File C:\Users\paras\AppData\Local\Programs\Python\Python38\Lib\http\cookiejar.py first seen with mtime 1582653636.0
2025-04-03 10:48:29,889 - DEBUG: File D:\Parasuram\Django_Training\new\Lib\site-packages\django\forms\__init__.py first seen with mtime 1743655957.7133043
2025-04-03 10:48:29,889 - DEBUG: File C:\Users\paras\AppData\Local\Programs\Python\Python38\Lib\http\client.py first seen with mtime 1582653636.0
2025-04-03 10:48:29,889 - DEBUG: File D:\Parasuram\Django_Training\new\Lib\site-packages\sqlparse\tokens.py first seen with mtime 1742299846.5424807
2025-04-03 10:48:29,889 - DEBUG: File D:\Parasuram\Django_Training\new\Lib\site-packages\django\db\migrations\operations\models.py first seen with mtime 1743655957.6760595
2025-04-03 10:48:29,889 - DEBUG: File D:\Parasuram\Django_Training\new\Lib\site-packages\django\db\models\fields\reverse_related.py first seen with mtime 1743655957.6987002
2025-04-03 10:48:29,890 - DEBUG: File C:\Users\paras\AppData\Local\Programs\Python\Python38\Lib\encodings\idna.py first seen with mtime 1582653636.0
2025-04-03 10:48:29,890 - DEBUG: File D:\Parasuram\Django_Training\new\Lib\site-packages\django\db\backends\sqlite3\introspection.py first seen with mtime 1743655957.6600592
2025-04-03 10:48:29,890 - DEBUG: File D:\Parasuram\Django_Training\new\Lib\site-packages\sqlparse\filters\reindent.py first seen with mtime 1742299846.5504682
2025-04-03 10:48:29,890 - DEBUG: File C:\Users\paras\AppData\Local\Programs\Python\Python38\Lib\encodings\latin_1.py first seen with mtime 1582653636.0
2025-04-03 10:48:29,890 - DEBUG: File D:\Parasuram\Django_Training\new\Lib\site-packages\django\db\models\deletion.py first seen with mtime 1743655957.682693
2025-04-03 10:48:29,890 - DEBUG: File D:\Parasuram\Django_Training\new\Lib\site-packages\django\core\checks\caches.py first seen with mtime 1743655957.5560615
2025-04-03 10:48:29,890 - DEBUG: File C:\Users\paras\AppData\Local\Programs\Python\Python38\Lib\__future__.py first seen with mtime 1582653636.0
2025-04-03 10:48:29,890 - DEBUG: File C:\Users\paras\AppData\Local\Programs\Python\Python38\Lib\json\__init__.py first seen with mtime 1582653636.0
2025-04-03 10:48:29,890 - DEBUG: File C:\Users\paras\AppData\Local\Programs\Python\Python38\Lib\xml\dom\domreg.py first seen with mtime 1582653636.0
2025-04-03 10:48:29,890 - DEBUG: File D:\Parasuram\Django_Training\new\Lib\site-packages\django\utils\translation\trans_real.py first seen with mtime 1743655957.8896096
2025-04-03 10:48:29,890 - DEBUG: File C:\Users\paras\AppData\Local\Programs\Python\Python38\Lib\asyncio\exceptions.py first seen with mtime 1582653636.0
2025-04-03 10:48:29,891 - DEBUG: File D:\Parasuram\Django_Training\new\Lib\site-packages\rest_framework\utils\field_mapping.py first seen with mtime 1743656084.1883118
2025-04-03 10:48:29,891 - DEBUG: File D:\Parasuram\Django_Training\new\Lib\site-packages\django\test\signals.py first seen with mtime 1743655957.8367112
2025-04-03 10:48:29,891 - DEBUG: File D:\Parasuram\Django_Training\new\Lib\site-packages\django\utils\baseconv.py first seen with mtime 1743655957.8490808
2025-04-03 10:48:29,891 - DEBUG: File D:\Parasuram\Django_Training\new\Lib\site-packages\django\core\management\color.py first seen with mtime 1743655957.5891352
2025-04-03 10:48:29,891 - DEBUG: File D:\Parasuram\Django_Training\new\Lib\site-packages\django\db\backends\base\schema.py first seen with mtime 1743655957.6312127
2025-04-03 10:48:29,891 - DEBUG: File D:\Parasuram\Django_Training\new\Lib\site-packages\django\db\migrations\__init__.py first seen with mtime 1743655957.6630616
2025-04-03 10:48:29,891 - DEBUG: File C:\Users\paras\AppData\Local\Programs\Python\Python38\Lib\importlib\metadata.py first seen with mtime 1582653636.0
2025-04-03 10:48:29,891 - DEBUG: File D:\Parasuram\Django_Training\new\Lib\site-packages\urllib3\util\ssl_match_hostname.py first seen with mtime 1742299846.8651226
2025-04-03 10:48:29,891 - DEBUG: File D:\Parasuram\Django_Training\new\Lib\site-packages\urllib3\util\request.py first seen with mtime 1742299846.8619795
2025-04-03 10:48:29,891 - DEBUG: File D:\Parasuram\Django_Training\new\Lib\site-packages\rest_framework\views.py first seen with mtime 1743656084.0782032
2025-04-03 10:48:29,892 - DEBUG: File D:\Parasuram\Django_Training\new\Lib\site-packages\psycopg2\extras.py first seen with mtime 1742299845.127267
2025-04-03 10:48:29,892 - DEBUG: File C:\Users\paras\AppData\Local\Programs\Python\Python38\Lib\lzma.py first seen with mtime 1582653636.0
2025-04-03 10:48:29,892 - DEBUG: File C:\Users\paras\AppData\Local\Programs\Python\Python38\Lib\token.py first seen with mtime 1582653636.0
2025-04-03 10:48:29,892 - DEBUG: File D:\Parasuram\Django_Training\new\Lib\site-packages\rest_framework\negotiation.py first seen with mtime 1743656084.0670059
2025-04-03 10:48:29,892 - DEBUG: File D:\Parasuram\Django_Training\new\Lib\site-packages\django\template\loader.py first seen with mtime 1743655957.7873776
2025-04-03 10:48:29,892 - DEBUG: File C:\Users\paras\AppData\Local\Programs\Python\Python38\Lib\email\quoprimime.py first seen with mtime 1582653636.0
2025-04-03 10:48:29,892 - DEBUG: File D:\Parasuram\Django_Training\new\Lib\site-packages\django\utils\dateparse.py first seen with mtime 1743655957.853083
2025-04-03 10:48:29,892 - DEBUG: File D:\Parasuram\Django_Training\new\Lib\site-packages\django\db\models\query.py first seen with mtime 1743655957.688692
2025-04-03 10:48:29,892 - DEBUG: File D:\Parasuram\Django_Training\new\Lib\site-packages\django\core\validators.py first seen with mtime 1743655957.5460644
2025-04-03 10:48:29,892 - DEBUG: File D:\Parasuram\Django_Training\new\Lib\site-packages\django\utils\regex_helper.py first seen with mtime 1743655957.8766527
2025-04-03 10:48:29,892 - DEBUG: File D:\Parasuram\Django_Training\new\Lib\site-packages\rest_framework\reverse.py first seen with mtime 1743656084.0710135
2025-04-03 10:48:29,893 - DEBUG: File D:\Parasuram\Django_Training\new\Lib\site-packages\django\db\migrations\operations\__init__.py first seen with mtime 1743655957.6740592
2025-04-03 10:48:29,893 - DEBUG: File D:\Parasuram\Django_Training\new\Lib\site-packages\rest_framework\checks.py first seen with mtime 1743656084.0600111
2025-04-03 10:48:29,893 - DEBUG: File D:\Parasuram\Django_Training\new\Lib\site-packages\urllib3\_version.py first seen with mtime 1742299846.8498616
2025-04-03 10:48:29,893 - DEBUG: File D:\Parasuram\Django_Training\new\Lib\site-packages\django\db\models\expressions.py first seen with mtime 1743655957.6846929
2025-04-03 10:48:29,893 - DEBUG: File C:\Users\paras\AppData\Local\Programs\Python\Python38\Lib\contextvars.py first seen with mtime 1582653636.0
2025-04-03 10:48:29,893 - DEBUG: File D:\Parasuram\Django_Training\new\Lib\site-packages\django\contrib\admin\apps.py first seen with mtime 1743655954.985261
2025-04-03 10:48:29,893 - DEBUG: File D:\Parasuram\Django_Training\new\Lib\site-packages\requests\cookies.py first seen with mtime 1742299846.0077999
2025-04-03 10:48:29,893 - DEBUG: File D:\Parasuram\Django_Training\new\Lib\site-packages\idna\idnadata.py first seen with mtime 1742299832.4028945
2025-04-03 10:48:29,893 - DEBUG: File C:\Users\paras\AppData\Local\Programs\Python\Python38\Lib\uu.py first seen with mtime 1582653636.0
2025-04-03 10:48:29,893 - DEBUG: File C:\Users\paras\AppData\Local\Programs\Python\Python38\Lib\asyncio\windows_events.py first seen with mtime 1582653636.0
2025-04-03 10:48:29,894 - DEBUG: File D:\Parasuram\Django_Training\new\Lib\site-packages\django\contrib\staticfiles\handlers.py first seen with mtime 1743655957.5314374
2025-04-03 10:48:29,894 - DEBUG: File D:\Parasuram\Django_Training\new\Lib\site-packages\django\utils\dates.py first seen with mtime 1743655957.854079
2025-04-03 10:48:29,894 - DEBUG: File D:\Parasuram\Django_Training\new\Lib\site-packages\django\templatetags\i18n.py first seen with mtime 1743655957.8118682
2025-04-03 10:48:29,894 - DEBUG: File D:\Parasuram\Django_Training\new\Lib\site-packages\django\contrib\auth\checks.py first seen with mtime 1743655955.5646436
2025-04-03 10:48:29,894 - DEBUG: File D:\Parasuram\Django_Training\new\Lib\site-packages\django\core\checks\templates.py first seen with mtime 1743655957.5600626
2025-04-03 10:48:29,894 - DEBUG: File D:\Parasuram\Django_Training\new\Lib\site-packages\django\views\generic\dates.py first seen with mtime 1743655957.9046178
2025-04-03 10:48:29,894 - DEBUG: File D:\Parasuram\Django_Training\new\Lib\site-packages\django\db\models\fields\related_descriptors.py first seen with mtime 1743655957.696702
2025-04-03 10:48:29,894 - DEBUG: File D:\Parasuram\Django_Training\new\Lib\site-packages\rest_framework\compat.py first seen with mtime 1743656084.0610077
2025-04-03 10:48:29,894 - DEBUG: File D:\Parasuram\Django_Training\new\Lib\site-packages\django\contrib\sites\shortcuts.py first seen with mtime 1743655957.335792
2025-04-03 10:48:29,894 - DEBUG: File D:\Parasuram\Django_Training\new\Lib\site-packages\django\template\exceptions.py first seen with mtime 1743655957.7853692
2025-04-03 10:48:29,894 - DEBUG: File D:\Parasuram\Django_Training\new\Lib\site-packages\django\core\cache\backends\__init__.py first seen with mtime 1743655957.5500612
2025-04-03 10:48:29,895 - DEBUG: File D:\Parasuram\Django_Training\new\Lib\site-packages\charset_normalizer\constant.py first seen with mtime 1742299828.8671782
2025-04-03 10:48:29,895 - DEBUG: File C:\Users\paras\AppData\Local\Programs\Python\Python38\Lib\asyncio\events.py first seen with mtime 1582653636.0
2025-04-03 10:48:29,895 - DEBUG: File D:\Parasuram\Django_Training\new\Lib\site-packages\django\db\backends\base\creation.py first seen with mtime 1743655957.6272104
2025-04-03 10:48:29,895 - DEBUG: File C:\Users\paras\AppData\Local\Programs\Python\Python38\Lib\_collections_abc.py first seen with mtime 1582653636.0
2025-04-03 10:48:29,895 - DEBUG: File D:\Parasuram\Django_Training\new\Lib\site-packages\pytz\exceptions.py first seen with mtime 1742299845.5947022
2025-04-03 10:48:29,895 - DEBUG: File C:\Users\paras\AppData\Local\Programs\Python\Python38\Lib\subprocess.py first seen with mtime 1582653636.0
2025-04-03 10:48:29,895 - DEBUG: File D:\Parasuram\Django_Training\new\Lib\site-packages\charset_normalizer\api.py first seen with mtime 1742299828.865671
2025-04-03 10:48:29,895 - DEBUG: File D:\Parasuram\Django_Training\new\Lib\site-packages\sqlparse\filters\__init__.py first seen with mtime 1742299846.5480862
2025-04-03 10:48:29,895 - DEBUG: File D:\Parasuram\Django_Training\new\Lib\site-packages\django\urls\utils.py first seen with mtime 1743655957.8438888
2025-04-03 10:48:29,895 - DEBUG: File D:\Parasuram\Django_Training\new\Lib\site-packages\rest_framework\utils\json.py first seen with mtime 1743656084.1903102
2025-04-03 10:48:29,895 - DEBUG: File D:\Parasuram\Django_Training\new\Lib\site-packages\django\core\cache\__init__.py first seen with mtime 1743655957.5480638
2025-04-03 10:48:29,896 - DEBUG: File D:\Parasuram\Django_Training\new\Lib\site-packages\django\utils\log.py first seen with mtime 1743655957.872652
2025-04-03 10:48:29,896 - DEBUG: File C:\Users\paras\AppData\Local\Programs\Python\Python38\Lib\html\parser.py first seen with mtime 1582653636.0
2025-04-03 10:48:29,896 - DEBUG: File D:\Parasuram\Django_Training\new\Lib\site-packages\django\core\wsgi.py first seen with mtime 1743655957.5470662
2025-04-03 10:48:29,896 - DEBUG: File D:\Parasuram\Django_Training\new\Lib\site-packages\django\contrib\postgres\forms\array.py first seen with mtime 1743655956.726778
2025-04-03 10:48:29,896 - DEBUG: File D:\Parasuram\Django_Training\new\Lib\site-packages\django\db\backends\signals.py first seen with mtime 1743655957.6231053
2025-04-03 10:48:29,896 - DEBUG: File D:\Parasuram\Django_Training\new\Lib\site-packages\django\utils\http.py first seen with mtime 1743655957.8696525
2025-04-03 10:48:29,896 - DEBUG: File C:\Users\paras\AppData\Local\Programs\Python\Python38\Lib\io.py first seen with mtime 1582653636.0
2025-04-03 10:48:29,896 - DEBUG: File D:\Parasuram\Django_Training\new\Lib\site-packages\django\utils\timezone.py first seen with mtime 1743655957.8836114
2025-04-03 10:48:29,896 - DEBUG: File D:\Parasuram\Django_Training\new\Lib\site-packages\django\core\handlers\exception.py first seen with mtime 1743655957.5769918
2025-04-03 10:48:29,896 - DEBUG: File D:\Parasuram\Django_Training\new\Lib\site-packages\django\core\serializers\base.py first seen with mtime 1743655957.6124823
2025-04-03 10:48:29,897 - DEBUG: File D:\Parasuram\Django_Training\new\Lib\site-packages\django\contrib\contenttypes\forms.py first seen with mtime 1743655955.8353474
2025-04-03 10:48:29,897 - DEBUG: File C:\Users\paras\AppData\Local\Programs\Python\Python38\DLLs\_ssl.pyd first seen with mtime 1582653656.0
2025-04-03 10:48:29,897 - DEBUG: File D:\Parasuram\Django_Training\new\Lib\site-packages\django\contrib\staticfiles\__init__.py first seen with mtime 1743655957.5284374
2025-04-03 10:48:29,897 - DEBUG: File C:\Users\paras\AppData\Local\Programs\Python\Python38\Lib\typing.py first seen with mtime 1582653636.0
2025-04-03 10:48:29,897 - DEBUG: File C:\Users\paras\AppData\Local\Programs\Python\Python38\Lib\unittest\__init__.py first seen with mtime 1582653636.0
2025-04-03 10:48:29,897 - DEBUG: File D:\Parasuram\Django_Training\new\Lib\site-packages\django\contrib\contenttypes\models.py first seen with mtime 1743655955.8363492
2025-04-03 10:48:29,897 - DEBUG: File C:\Users\paras\AppData\Local\Programs\Python\Python38\Lib\_markupbase.py first seen with mtime 1582653636.0
2025-04-03 10:48:29,897 - DEBUG: File C:\Users\paras\AppData\Local\Programs\Python\Python38\Lib\email\headerregistry.py first seen with mtime 1582653636.0
2025-04-03 10:48:29,897 - DEBUG: File D:\Parasuram\Django_Training\new\Lib\site-packages\django\db\backends\ddl_references.py first seen with mtime 1743655957.6224813
2025-04-03 10:48:29,897 - DEBUG: File C:\Users\paras\AppData\Local\Programs\Python\Python38\Lib\unittest\util.py first seen with mtime 1582653636.0
2025-04-03 10:48:29,898 - DEBUG: File D:\Parasuram\Django_Training\new\Lib\site-packages\django\utils\cache.py first seen with mtime 1743655957.8500812
2025-04-03 10:48:29,898 - DEBUG: File D:\Parasuram\Django_Training\new\Lib\site-packages\requests\__version__.py first seen with mtime 1742299846.0047147
2025-04-03 10:48:29,898 - DEBUG: File D:\Parasuram\Django_Training\new\Lib\site-packages\django\contrib\staticfiles\finders.py first seen with mtime 1743655957.5304372
2025-04-03 10:48:29,898 - DEBUG: File C:\Users\paras\AppData\Local\Programs\Python\Python38\Lib\asyncio\format_helpers.py first seen with mtime 1582653636.0
2025-04-03 10:48:29,898 - DEBUG: File D:\Parasuram\Django_Training\new\Lib\site-packages\django\db\migrations\migration.py first seen with mtime 1743655957.6680608
2025-04-03 10:48:29,898 - DEBUG: File D:\Parasuram\Django_Training\new\Lib\site-packages\django\shortcuts.py first seen with mtime 1743655954.7786982
2025-04-03 10:48:29,898 - DEBUG: File D:\Parasuram\Django_Training\new\Lib\site-packages\django\contrib\auth\signals.py first seen with mtime 1743655955.571837
2025-04-03 10:48:29,898 - DEBUG: File C:\Users\paras\AppData\Local\Programs\Python\Python38\Lib\asyncio\streams.py first seen with mtime 1582653636.0
2025-04-03 10:48:29,898 - DEBUG: File C:\Users\paras\AppData\Local\Programs\Python\Python38\Lib\email\message.py first seen with mtime 1582653636.0
2025-04-03 10:48:29,898 - DEBUG: File C:\Users\paras\AppData\Local\Programs\Python\Python38\Lib\email\mime\multipart.py first seen with mtime 1582653636.0
2025-04-03 10:48:29,898 - DEBUG: File D:\Parasuram\Django_Training\new\Lib\site-packages\django\core\paginator.py first seen with mtime 1743655957.5440528
2025-04-03 10:48:29,898 - DEBUG: File D:\Parasuram\Django_Training\new\Lib\site-packages\requests\utils.py first seen with mtime 1742299846.0127869
2025-04-03 10:48:29,898 - DEBUG: File D:\Parasuram\Django_Training\new\Lib\site-packages\sqlparse\keywords.py first seen with mtime 1742299846.541476
2025-04-03 10:48:29,898 - DEBUG: File D:\Parasuram\Django_Training\new\Lib\site-packages\django\contrib\sessions\apps.py first seen with mtime 1743655957.0804183
2025-04-03 10:48:29,898 - DEBUG: File D:\Parasuram\Django_Training\new\Lib\site-packages\django\contrib\auth\tokens.py first seen with mtime 1743655955.572834
2025-04-03 10:48:29,898 - DEBUG: File C:\Users\paras\AppData\Local\Programs\Python\Python38\Lib\calendar.py first seen with mtime 1582653636.0
2025-04-03 10:48:29,898 - DEBUG: File D:\Parasuram\Django_Training\new\Lib\site-packages\django\db\models\functions\comparison.py first seen with mtime 1743655957.6997893
2025-04-03 10:48:29,898 - DEBUG: File D:\Parasuram\Django_Training\new\Lib\site-packages\django\db\models\functions\datetime.py first seen with mtime 1743655957.70079
2025-04-03 10:48:29,898 - DEBUG: File D:\Parasuram\Django_Training\new\Lib\site-packages\sqlparse\formatter.py first seen with mtime 1742299846.5404713
2025-04-03 10:48:29,898 - DEBUG: File C:\Users\paras\AppData\Local\Programs\Python\Python38\Lib\urllib\error.py first seen with mtime 1582653636.0
2025-04-03 10:48:29,898 - DEBUG: File D:\Parasuram\Django_Training\new\Lib\site-packages\django\db\backends\base\introspection.py first seen with mtime 1743655957.6282096
2025-04-03 10:48:29,898 - DEBUG: File D:\Parasuram\Django_Training\new\Lib\site-packages\django\contrib\contenttypes\__init__.py first seen with mtime 1743655955.8323514
2025-04-03 10:48:29,898 - DEBUG: File D:\Parasuram\Django_Training\new\Lib\site-packages\django\db\transaction.py first seen with mtime 1743655957.6194828
2025-04-03 10:48:29,898 - DEBUG: File D:\Parasuram\Django_Training\new\Lib\site-packages\django\core\management\commands\runserver.py first seen with mtime 1743655957.602144
2025-04-03 10:48:29,898 - DEBUG: File D:\Parasuram\Django_Training\new\Lib\site-packages\rest_framework\status.py first seen with mtime 1743656084.0730157
2025-04-03 10:48:29,898 - DEBUG: File C:\Users\paras\AppData\Local\Programs\Python\Python38\Lib\email\mime\nonmultipart.py first seen with mtime 1582653636.0
2025-04-03 10:48:29,898 - DEBUG: File D:\Parasuram\Django_Training\new\Lib\site-packages\django\__init__.py first seen with mtime 1743655954.7777057
2025-04-03 10:48:29,898 - DEBUG: File C:\Users\paras\AppData\Local\Programs\Python\Python38\Lib\keyword.py first seen with mtime 1582653636.0
2025-04-03 10:48:29,898 - DEBUG: File D:\Parasuram\Django_Training\new\Lib\site-packages\certifi\core.py first seen with mtime 1742299828.565817
2025-04-03 10:48:29,898 - DEBUG: File D:\Parasuram\Django_Training\new\Lib\site-packages\django\db\models\constants.py first seen with mtime 1743655957.681693
2025-04-03 10:48:29,898 - DEBUG: File D:\Parasuram\Django_Training\new\Lib\site-packages\urllib3\util\wait.py first seen with mtime 1742299846.8678787
2025-04-03 10:48:29,898 - DEBUG: File D:\Parasuram\Django_Training\new\Lib\site-packages\django\db\models\base.py first seen with mtime 1743655957.6806922
2025-04-03 10:48:29,898 - DEBUG: File D:\Parasuram\Django_Training\new\Lib\site-packages\django\views\decorators\csrf.py first seen with mtime 1743655957.8986175
2025-04-03 10:48:29,898 - DEBUG: File D:\Parasuram\Django_Training\new\Lib\site-packages\django\core\mail\message.py first seen with mtime 1743655957.5801086
2025-04-03 10:48:29,898 - DEBUG: File C:\Users\paras\AppData\Local\Programs\Python\Python38\Lib\importlib\machinery.py first seen with mtime 1582653636.0
2025-04-03 10:48:29,898 - DEBUG: File D:\Parasuram\Django_Training\new\Lib\site-packages\django\utils\deprecation.py first seen with mtime 1743655957.8570836
2025-04-03 10:48:29,898 - DEBUG: File D:\Parasuram\Django_Training\new\Lib\site-packages\charset_normalizer\md__mypyc.cp38-win_amd64.pyd first seen with mtime 1742299828.8748927
2025-04-03 10:48:29,898 - DEBUG: File C:\Users\paras\AppData\Local\Programs\Python\Python38\Lib\asyncio\coroutines.py first seen with mtime 1582653636.0
2025-04-03 10:48:29,898 - DEBUG: File D:\Parasuram\Django_Training\new\Lib\site-packages\django\contrib\postgres\fields\utils.py first seen with mtime 1743655956.724779
2025-04-03 10:48:29,898 - DEBUG: File C:\Users\paras\AppData\Local\Programs\Python\Python38\Lib\asyncio\log.py first seen with mtime 1582653636.0
2025-04-03 10:48:29,898 - DEBUG: File D:\Parasuram\Django_Training\new\Lib\site-packages\asgiref\sync.py first seen with mtime 1742299828.4522252
2025-04-03 10:48:29,898 - DEBUG: File D:\Parasuram\Django_Training\new\Lib\site-packages\urllib3\util\proxy.py first seen with mtime 1742299846.8609827
2025-04-03 10:48:29,898 - DEBUG: File C:\Users\paras\AppData\Local\Programs\Python\Python38\Lib\asyncio\proactor_events.py first seen with mtime 1582653636.0
2025-04-03 10:48:29,898 - DEBUG: File D:\Parasuram\Django_Training\new\Lib\site-packages\django\views\static.py first seen with mtime 1743655957.8946185
2025-04-03 10:48:29,898 - DEBUG: File C:\Users\paras\AppData\Local\Programs\Python\Python38\Lib\xml\dom\__init__.py first seen with mtime 1582653636.0
2025-04-03 10:48:29,898 - DEBUG: File C:\Users\paras\AppData\Local\Programs\Python\Python38\Lib\logging\handlers.py first seen with mtime 1582653636.0
2025-04-03 10:48:29,898 - DEBUG: File C:\Users\paras\AppData\Local\Programs\Python\Python38\Lib\importlib\resources.py first seen with mtime 1582653636.0
2025-04-03 10:48:29,898 - DEBUG: File D:\Parasuram\Django_Training\new\Lib\site-packages\django\utils\termcolors.py first seen with mtime 1743655957.8806584
2025-04-03 10:48:29,898 - DEBUG: File D:\Parasuram\Django_Training\new\Lib\site-packages\django\utils\inspect.py first seen with mtime 1743655957.870653
2025-04-03 10:48:29,898 - DEBUG: File D:\Parasuram\Django_Training\new\Lib\site-packages\django\conf\__init__.py first seen with mtime 1743655954.782699
2025-04-03 10:48:29,898 - DEBUG: File C:\Users\paras\AppData\Local\Programs\Python\Python38\Lib\html\__init__.py first seen with mtime 1582653636.0
2025-04-03 10:48:29,898 - DEBUG: File D:\Parasuram\Django_Training\new\Lib\site-packages\psycopg2\__init__.py first seen with mtime 1742299845.1084356
2025-04-03 10:48:29,898 - DEBUG: File C:\Users\paras\AppData\Local\Programs\Python\Python38\Lib\xml\dom\minidom.py first seen with mtime 1582653636.0
2025-04-03 10:48:29,898 - DEBUG: File D:\Parasuram\Django_Training\new\Lib\site-packages\django\urls\__init__.py first seen with mtime 1743655957.8398879
2025-04-03 10:48:29,898 - DEBUG: File D:\Parasuram\Django_Training\new\Lib\site-packages\requests\sessions.py first seen with mtime 1742299846.0107918
2025-04-03 10:48:29,898 - DEBUG: File D:\Parasuram\Django_Training\new\Lib\site-packages\django\views\decorators\cache.py first seen with mtime 1743655957.8976192
2025-04-03 10:48:29,898 - DEBUG: File D:\Parasuram\Django_Training\new\Lib\site-packages\requests\models.py first seen with mtime 1742299846.009794
2025-04-03 10:48:29,898 - DEBUG: File D:\Parasuram\Django_Training\new\Lib\site-packages\django\db\models\functions\__init__.py first seen with mtime 1743655957.6987002
2025-04-03 10:48:29,898 - DEBUG: File C:\Users\paras\AppData\Local\Programs\Python\Python38\Lib\wsgiref\headers.py first seen with mtime 1582653636.0
2025-04-03 10:48:29,898 - DEBUG: File C:\Users\paras\AppData\Local\Programs\Python\Python38\Lib\selectors.py first seen with mtime 1582653636.0
2025-04-03 10:48:29,898 - DEBUG: File D:\Parasuram\Django_Training\new\Lib\site-packages\urllib3\http2\probe.py first seen with mtime 1742299846.8589866
2025-04-03 10:48:29,898 - DEBUG: File D:\Parasuram\Django_Training\new\Lib\site-packages\rest_framework\schemas\inspectors.py first seen with mtime 1743656084.1324492
2025-04-03 10:48:29,898 - DEBUG: File D:\Parasuram\Django_Training\new\Lib\site-packages\sqlparse\engine\filter_stack.py first seen with mtime 1742299846.5445359
2025-04-03 10:48:29,898 - DEBUG: File D:\Parasuram\Django_Training\new\Lib\site-packages\django\forms\boundfield.py first seen with mtime 1743655957.7143037
2025-04-03 10:48:29,898 - DEBUG: File D:\Parasuram\Django_Training\new\Lib\site-packages\django\core\servers\basehttp.py first seen with mtime 1743655957.6174846
2025-04-03 10:48:29,898 - DEBUG: File D:\Parasuram\Django_Training\new\Lib\site-packages\charset_normalizer\md.cp38-win_amd64.pyd first seen with mtime 1742299828.8738956
2025-04-03 10:48:29,898 - DEBUG: File D:\Parasuram\Django_Training\new\Lib\site-packages\django\db\migrations\state.py first seen with mtime 1743655957.6720607
2025-04-03 10:48:29,898 - DEBUG: File D:\Parasuram\Django_Training\new\Lib\site-packages\django\contrib\auth\base_user.py first seen with mtime 1743655955.563645
2025-04-03 10:48:29,898 - DEBUG: File C:\Users\paras\AppData\Local\Programs\Python\Python38\Lib\collections\__init__.py first seen with mtime 1582653636.0
2025-04-03 10:48:29,898 - DEBUG: File C:\Users\paras\AppData\Local\Programs\Python\Python38\Lib\email\mime\__init__.py first seen with mtime 1582653636.0
2025-04-03 10:48:29,898 - DEBUG: File D:\Parasuram\Django_Training\new\Lib\site-packages\django\db\models\sql\constants.py first seen with mtime 1743655957.7067893
2025-04-03 10:48:29,898 - DEBUG: File D:\Parasuram\Django_Training\new\Lib\site-packages\psycopg2\_psycopg.cp38-win_amd64.pyd first seen with mtime 1742299845.1248183
2025-04-03 10:48:29,898 - DEBUG: File D:\Parasuram\Django_Training\new\Lib\site-packages\django\db\migrations\exceptions.py first seen with mtime 1743655957.665059
2025-04-03 10:48:29,898 - DEBUG: File D:\Parasuram\Django_Training\new\Lib\site-packages\asgiref\current_thread_executor.py first seen with mtime 1742299828.4511838
2025-04-03 10:48:29,898 - DEBUG: File D:\Parasuram\Django_Training\new\Lib\site-packages\django\utils\duration.py first seen with mtime 1743655957.8570836
2025-04-03 10:48:29,898 - DEBUG: File C:\Users\paras\AppData\Local\Programs\Python\Python38\Lib\ssl.py first seen with mtime 1582653636.0
2025-04-03 10:48:29,898 - DEBUG: File C:\Users\paras\AppData\Local\Programs\Python\Python38\Lib\asyncio\futures.py first seen with mtime 1582653636.0
2025-04-03 10:48:29,898 - DEBUG: File D:\Parasuram\Django_Training\new\Lib\site-packages\urllib3\util\connection.py first seen with mtime 1742299846.8599842
2025-04-03 10:48:29,898 - DEBUG: File D:\Parasuram\Django_Training\new\Lib\site-packages\asgiref\local.py first seen with mtime 1742299828.4511838
2025-04-03 10:48:29,898 - DEBUG: File D:\Parasuram\Django_Training\new\Lib\site-packages\rest_framework\permissions.py first seen with mtime 1743656084.0690086
2025-04-03 10:48:29,898 - DEBUG: File C:\Users\paras\AppData\Local\Programs\Python\Python38\Lib\site.py first seen with mtime 1582653636.0
2025-04-03 10:48:29,898 - DEBUG: File D:\Parasuram\Django_Training\new\Lib\site-packages\requests\certs.py first seen with mtime 1742299846.0068
2025-04-03 10:48:29,898 - DEBUG: File D:\Parasuram\Django_Training\new\Lib\site-packages\pytz\tzinfo.py first seen with mtime 1742299845.5979857
2025-04-03 10:48:29,898 - DEBUG: File C:\Users\paras\AppData\Local\Programs\Python\Python38\Lib\logging\__init__.py first seen with mtime 1582653636.0
2025-04-03 10:48:29,898 - DEBUG: File D:\Parasuram\Django_Training\new\Lib\site-packages\rest_framework\parsers.py first seen with mtime 1743656084.068009
2025-04-03 10:48:29,898 - DEBUG: File D:\Parasuram\Django_Training\new\Lib\site-packages\django\core\checks\security\base.py first seen with mtime 1743655957.5639908
2025-04-03 10:48:29,898 - DEBUG: File C:\Users\paras\AppData\Local\Programs\Python\Python38\Lib\encodings\aliases.py first seen with mtime 1582653636.0
2025-04-03 10:48:29,898 - DEBUG: File C:\Users\paras\AppData\Local\Programs\Python\Python38\Lib\copyreg.py first seen with mtime 1582653636.0
2025-04-03 10:48:29,898 - DEBUG: File D:\Parasuram\Django_Training\new\Lib\site-packages\requests\__init__.py first seen with mtime 1742299846.0037131
2025-04-03 10:48:29,898 - DEBUG: File C:\Users\paras\AppData\Local\Programs\Python\Python38\Lib\uuid.py first seen with mtime 1582653636.0
2025-04-03 10:48:29,898 - DEBUG: File D:\Parasuram\Django_Training\new\Lib\site-packages\django\contrib\staticfiles\checks.py first seen with mtime 1743655957.5304372
2025-04-03 10:48:29,898 - DEBUG: File C:\Users\paras\AppData\Local\Programs\Python\Python38\Lib\asyncio\runners.py first seen with mtime 1582653636.0
2025-04-03 10:48:29,898 - DEBUG: File D:\Parasuram\Django_Training\new\Lib\site-packages\django\core\signals.py first seen with mtime 1743655957.5440528
2025-04-03 10:48:29,898 - DEBUG: File D:\Parasuram\Django_Training\new\Lib\site-packages\django\db\models\lookups.py first seen with mtime 1743655957.686692
2025-04-03 10:48:29,898 - DEBUG: File D:\Parasuram\Django_Training\new\Lib\site-packages\django\conf\global_settings.py first seen with mtime 1743655954.782699
2025-04-03 10:48:29,898 - DEBUG: File C:\Users\paras\AppData\Local\Programs\Python\Python38\Lib\asyncio\sslproto.py first seen with mtime 1582653636.0
2025-04-03 10:48:29,898 - DEBUG: File D:\Parasuram\Django_Training\logging\DJANGO-LOGGING\pylog\urls.py first seen with mtime 1743147066.963789
2025-04-03 10:48:29,898 - DEBUG: File D:\Parasuram\Django_Training\new\Lib\site-packages\urllib3\contrib\__init__.py first seen with mtime 1742299846.8538525
2025-04-03 10:48:29,898 - DEBUG: File C:\Users\paras\AppData\Local\Programs\Python\Python38\Lib\statistics.py first seen with mtime 1582653636.0
2025-04-03 10:48:29,898 - DEBUG: File C:\Users\paras\AppData\Local\Programs\Python\Python38\Lib\logging\config.py first seen with mtime 1582653636.0
2025-04-03 10:48:29,898 - DEBUG: File D:\Parasuram\Django_Training\logging\DJANGO-LOGGING\pylog\models.py first seen with mtime 1743657043.9748054
2025-04-03 10:48:29,898 - DEBUG: File C:\Users\paras\AppData\Local\Programs\Python\Python38\Lib\mimetypes.py first seen with mtime 1582653636.0
2025-04-03 10:48:29,898 - DEBUG: File D:\Parasuram\Django_Training\new\Lib\site-packages\requests\hooks.py first seen with mtime 1742299846.0087967
2025-04-03 10:48:29,898 - DEBUG: File D:\Parasuram\Django_Training\new\Lib\site-packages\django\utils\hashable.py first seen with mtime 1743655957.8630805
2025-04-03 10:48:29,898 - DEBUG: File D:\Parasuram\Django_Training\new\Lib\site-packages\django\contrib\postgres\lookups.py first seen with mtime 1743655956.710646
2025-04-03 10:48:29,898 - DEBUG: File D:\Parasuram\Django_Training\new\Lib\site-packages\rest_framework\schemas\utils.py first seen with mtime 1743656084.133448
2025-04-03 10:48:29,898 - DEBUG: File D:\Parasuram\Django_Training\logging\DJANGO-LOGGING\manage.py first seen with mtime 1743657031.0265534
2025-04-03 10:48:29,898 - DEBUG: File C:\Users\paras\AppData\Local\Programs\Python\Python38\Lib\random.py first seen with mtime 1582653636.0
2025-04-03 10:48:29,898 - DEBUG: File D:\Parasuram\Django_Training\new\Lib\site-packages\rest_framework\utils\model_meta.py first seen with mtime 1743656084.1903102
2025-04-03 10:48:29,898 - DEBUG: File D:\Parasuram\Django_Training\new\Lib\site-packages\django\urls\resolvers.py first seen with mtime 1743655957.8428874
2025-04-03 10:48:29,898 - DEBUG: File C:\Users\paras\AppData\Local\Programs\Python\Python38\Lib\urllib\response.py first seen with mtime 1582653636.0
2025-04-03 10:48:29,898 - DEBUG: File C:\Users\paras\AppData\Local\Programs\Python\Python38\Lib\sqlite3\__init__.py first seen with mtime 1582653636.0
2025-04-03 10:48:29,898 - DEBUG: File C:\Users\paras\AppData\Local\Programs\Python\Python38\Lib\dis.py first seen with mtime 1582653636.0
2025-04-03 10:48:29,898 - DEBUG: File C:\Users\paras\AppData\Local\Programs\Python\Python38\Lib\linecache.py first seen with mtime 1582653636.0
2025-04-03 10:48:29,898 - DEBUG: File D:\Parasuram\Django_Training\new\Lib\site-packages\django\contrib\admin\templatetags\__init__.py first seen with mtime 1743655955.4047725
2025-04-03 10:48:29,898 - DEBUG: File D:\Parasuram\Django_Training\new\Lib\site-packages\rest_framework\utils\serializer_helpers.py first seen with mtime 1743656084.1913114
2025-04-03 10:48:29,898 - DEBUG: File C:\Users\paras\AppData\Local\Programs\Python\Python38\Lib\unittest\loader.py first seen with mtime 1582653636.0
2025-04-03 10:48:29,898 - DEBUG: File D:\Parasuram\Django_Training\new\Lib\site-packages\typing_extensions.py first seen with mtime 1742299846.6480076
2025-04-03 10:48:29,898 - DEBUG: File D:\Parasuram\Django_Training\new\Lib\site-packages\urllib3\_base_connection.py first seen with mtime 1742299846.8480456
2025-04-03 10:48:29,898 - DEBUG: File D:\Parasuram\Django_Training\new\Lib\site-packages\django\views\generic\base.py first seen with mtime 1743655957.903618
2025-04-03 10:48:29,898 - DEBUG: File D:\Parasuram\Django_Training\new\Lib\site-packages\django\contrib\contenttypes\checks.py first seen with mtime 1743655955.8333523
2025-04-03 10:48:29,898 - DEBUG: File D:\Parasuram\Django_Training\new\Lib\site-packages\django\contrib\postgres\fields\__init__.py first seen with mtime 1743655956.7197795
2025-04-03 10:48:29,898 - DEBUG: File D:\Parasuram\Django_Training\new\Lib\site-packages\django\core\serializers\python.py first seen with mtime 1743655957.614481
2025-04-03 10:48:29,898 - DEBUG: File D:\Parasuram\Django_Training\new\Lib\site-packages\rest_framework\utils\encoders.py first seen with mtime 1743656084.1873116
2025-04-03 10:48:29,898 - DEBUG: File D:\Parasuram\Django_Training\new\Lib\site-packages\django\utils\crypto.py first seen with mtime 1743655957.8510826
2025-04-03 10:48:29,898 - DEBUG: File C:\Users\paras\AppData\Local\Programs\Python\Python38\Lib\importlib\__init__.py first seen with mtime 1582653636.0
2025-04-03 10:48:29,898 - DEBUG: File D:\Parasuram\Django_Training\logging\DJANGO-LOGGING\pylog\__init__.py first seen with mtime 1743657043.978476
2025-04-03 10:48:29,898 - DEBUG: File D:\Parasuram\Django_Training\new\Lib\site-packages\rest_framework\request.py first seen with mtime 1743656084.0700145
2025-04-03 10:48:29,898 - DEBUG: File D:\Parasuram\Django_Training\new\Lib\site-packages\django\dispatch\__init__.py first seen with mtime 1743655957.7113078
2025-04-03 10:48:29,898 - DEBUG: File C:\Users\paras\AppData\Local\Programs\Python\Python38\Lib\wsgiref\simple_server.py first seen with mtime 1582653636.0
2025-04-03 10:48:29,898 - DEBUG: File D:\Parasuram\Django_Training\new\Lib\site-packages\django\contrib\admin\actions.py first seen with mtime 1743655954.9842608
2025-04-03 10:48:29,898 - DEBUG: File C:\Users\paras\AppData\Local\Programs\Python\Python38\Lib\importlib\util.py first seen with mtime 1582653636.0
2025-04-03 10:48:29,898 - DEBUG: File C:\Users\paras\AppData\Local\Programs\Python\Python38\Lib\ctypes\_endian.py first seen with mtime 1582653636.0
2025-04-03 10:48:29,898 - DEBUG: File D:\Parasuram\Django_Training\new\Lib\site-packages\django\forms\renderers.py first seen with mtime 1743655957.7183025
2025-04-03 10:48:29,898 - DEBUG: File D:\Parasuram\Django_Training\new\Lib\site-packages\django\core\serializers\json.py first seen with mtime 1743655957.613481
2025-04-03 10:48:29,898 - DEBUG: File D:\Parasuram\Django_Training\new\Lib\site-packages\rest_framework\metadata.py first seen with mtime 1743656084.0660074
2025-04-03 10:48:29,898 - DEBUG: File D:\Parasuram\Django_Training\new\Lib\site-packages\urllib3\util\__init__.py first seen with mtime 1742299846.8599842
2025-04-03 10:48:29,898 - DEBUG: File C:\Users\paras\AppData\Local\Programs\Python\Python38\Lib\csv.py first seen with mtime 1582653636.0
2025-04-03 10:48:29,898 - DEBUG: File C:\Users\paras\AppData\Local\Programs\Python\Python38\Lib\wsgiref\handlers.py first seen with mtime 1582653636.0
2025-04-03 10:48:29,898 - DEBUG: File D:\Parasuram\Django_Training\new\lib\site-packages\django\contrib\admin\locale\af\LC_MESSAGES\django.mo first seen with mtime 1743655954.9918885
2025-04-03 10:48:29,898 - DEBUG: File D:\Parasuram\Django_Training\new\lib\site-packages\django\contrib\admin\locale\af\LC_MESSAGES\djangojs.mo first seen with mtime 1743655954.9928937
2025-04-03 10:48:29,898 - DEBUG: File D:\Parasuram\Django_Training\new\lib\site-packages\django\contrib\admin\locale\am\LC_MESSAGES\django.mo first seen with mtime 1743655954.9948928
2025-04-03 10:48:29,898 - DEBUG: File D:\Parasuram\Django_Training\new\lib\site-packages\django\contrib\admin\locale\ar\LC_MESSAGES\django.mo first seen with mtime 1743655954.9958935
2025-04-03 10:48:29,898 - DEBUG: File D:\Parasuram\Django_Training\new\lib\site-packages\django\contrib\admin\locale\ar\LC_MESSAGES\djangojs.mo first seen with mtime 1743655954.9968925
2025-04-03 10:48:29,898 - DEBUG: File D:\Parasuram\Django_Training\new\lib\site-packages\django\contrib\admin\locale\ast\LC_MESSAGES\django.mo first seen with mtime 1743655954.9978929
2025-04-03 10:48:29,898 - DEBUG: File D:\Parasuram\Django_Training\new\lib\site-packages\django\contrib\admin\locale\ast\LC_MESSAGES\djangojs.mo first seen with mtime 1743655954.9988933
2025-04-03 10:48:29,898 - DEBUG: File D:\Parasuram\Django_Training\new\lib\site-packages\django\contrib\admin\locale\az\LC_MESSAGES\django.mo first seen with mtime 1743655954.9998932
2025-04-03 10:48:29,898 - DEBUG: File D:\Parasuram\Django_Training\new\lib\site-packages\django\contrib\admin\locale\az\LC_MESSAGES\djangojs.mo first seen with mtime 1743655955.000893
2025-04-03 10:48:29,913 - DEBUG: File D:\Parasuram\Django_Training\new\lib\site-packages\django\contrib\admin\locale\be\LC_MESSAGES\django.mo first seen with mtime 1743655955.0018938
2025-04-03 10:48:29,913 - DEBUG: File D:\Parasuram\Django_Training\new\lib\site-packages\django\contrib\admin\locale\be\LC_MESSAGES\djangojs.mo first seen with mtime 1743655955.0028927
2025-04-03 10:48:29,913 - DEBUG: File D:\Parasuram\Django_Training\new\lib\site-packages\django\contrib\admin\locale\bg\LC_MESSAGES\django.mo first seen with mtime 1743655955.0038924
2025-04-03 10:48:29,913 - DEBUG: File D:\Parasuram\Django_Training\new\lib\site-packages\django\contrib\admin\locale\bg\LC_MESSAGES\djangojs.mo first seen with mtime 1743655955.004893
2025-04-03 10:48:29,913 - DEBUG: File D:\Parasuram\Django_Training\new\lib\site-packages\django\contrib\admin\locale\bn\LC_MESSAGES\django.mo first seen with mtime 1743655955.006963
2025-04-03 10:48:29,913 - DEBUG: File D:\Parasuram\Django_Training\new\lib\site-packages\django\contrib\admin\locale\bn\LC_MESSAGES\djangojs.mo first seen with mtime 1743655955.0079618
2025-04-03 10:48:29,913 - DEBUG: File D:\Parasuram\Django_Training\new\lib\site-packages\django\contrib\admin\locale\br\LC_MESSAGES\django.mo first seen with mtime 1743655955.0089629
2025-04-03 10:48:29,913 - DEBUG: File D:\Parasuram\Django_Training\new\lib\site-packages\django\contrib\admin\locale\br\LC_MESSAGES\djangojs.mo first seen with mtime 1743655955.010962
2025-04-03 10:48:29,913 - DEBUG: File D:\Parasuram\Django_Training\new\lib\site-packages\django\contrib\admin\locale\bs\LC_MESSAGES\django.mo first seen with mtime 1743655955.012142
2025-04-03 10:48:29,913 - DEBUG: File D:\Parasuram\Django_Training\new\lib\site-packages\django\contrib\admin\locale\bs\LC_MESSAGES\djangojs.mo first seen with mtime 1743655955.0131404
2025-04-03 10:48:29,913 - DEBUG: File D:\Parasuram\Django_Training\new\lib\site-packages\django\contrib\admin\locale\ca\LC_MESSAGES\django.mo first seen with mtime 1743655955.0141418
2025-04-03 10:48:29,913 - DEBUG: File D:\Parasuram\Django_Training\new\lib\site-packages\django\contrib\admin\locale\ca\LC_MESSAGES\djangojs.mo first seen with mtime 1743655955.0151396
2025-04-03 10:48:29,913 - DEBUG: File D:\Parasuram\Django_Training\new\lib\site-packages\django\contrib\admin\locale\cs\LC_MESSAGES\django.mo first seen with mtime 1743655955.0171394
2025-04-03 10:48:29,913 - DEBUG: File D:\Parasuram\Django_Training\new\lib\site-packages\django\contrib\admin\locale\cs\LC_MESSAGES\djangojs.mo first seen with mtime 1743655955.0181422
2025-04-03 10:48:29,913 - DEBUG: File D:\Parasuram\Django_Training\new\lib\site-packages\django\contrib\admin\locale\cy\LC_MESSAGES\django.mo first seen with mtime 1743655955.0191398
2025-04-03 10:48:29,913 - DEBUG: File D:\Parasuram\Django_Training\new\lib\site-packages\django\contrib\admin\locale\cy\LC_MESSAGES\djangojs.mo first seen with mtime 1743655955.0201404
2025-04-03 10:48:29,913 - DEBUG: File D:\Parasuram\Django_Training\new\lib\site-packages\django\contrib\admin\locale\da\LC_MESSAGES\django.mo first seen with mtime 1743655955.0211396
2025-04-03 10:48:29,913 - DEBUG: File D:\Parasuram\Django_Training\new\lib\site-packages\django\contrib\admin\locale\da\LC_MESSAGES\djangojs.mo first seen with mtime 1743655955.0231411
2025-04-03 10:48:29,913 - DEBUG: File D:\Parasuram\Django_Training\new\lib\site-packages\django\contrib\admin\locale\de\LC_MESSAGES\django.mo first seen with mtime 1743655955.0241408
2025-04-03 10:48:29,913 - DEBUG: File D:\Parasuram\Django_Training\new\lib\site-packages\django\contrib\admin\locale\de\LC_MESSAGES\djangojs.mo first seen with mtime 1743655955.025144
2025-04-03 10:48:29,913 - DEBUG: File D:\Parasuram\Django_Training\new\lib\site-packages\django\contrib\admin\locale\dsb\LC_MESSAGES\django.mo first seen with mtime 1743655955.0271413
2025-04-03 10:48:29,913 - DEBUG: File D:\Parasuram\Django_Training\new\lib\site-packages\django\contrib\admin\locale\dsb\LC_MESSAGES\djangojs.mo first seen with mtime 1743655955.0281408
2025-04-03 10:48:29,913 - DEBUG: File D:\Parasuram\Django_Training\new\lib\site-packages\django\contrib\admin\locale\el\LC_MESSAGES\django.mo first seen with mtime 1743655955.0291402
2025-04-03 10:48:29,913 - DEBUG: File D:\Parasuram\Django_Training\new\lib\site-packages\django\contrib\admin\locale\el\LC_MESSAGES\djangojs.mo first seen with mtime 1743655955.0313213
2025-04-03 10:48:29,913 - DEBUG: File D:\Parasuram\Django_Training\new\lib\site-packages\django\contrib\admin\locale\en\LC_MESSAGES\django.mo first seen with mtime 1743655955.0323193
2025-04-03 10:48:29,913 - DEBUG: File D:\Parasuram\Django_Training\new\lib\site-packages\django\contrib\admin\locale\en\LC_MESSAGES\djangojs.mo first seen with mtime 1743655955.0343213
2025-04-03 10:48:29,913 - DEBUG: File D:\Parasuram\Django_Training\new\lib\site-packages\django\contrib\admin\locale\en_AU\LC_MESSAGES\django.mo first seen with mtime 1743655955.0353215
2025-04-03 10:48:29,913 - DEBUG: File D:\Parasuram\Django_Training\new\lib\site-packages\django\contrib\admin\locale\en_AU\LC_MESSAGES\djangojs.mo first seen with mtime 1743655955.036322
2025-04-03 10:48:29,913 - DEBUG: File D:\Parasuram\Django_Training\new\lib\site-packages\django\contrib\admin\locale\en_GB\LC_MESSAGES\django.mo first seen with mtime 1743655955.0373192
2025-04-03 10:48:29,913 - DEBUG: File D:\Parasuram\Django_Training\new\lib\site-packages\django\contrib\admin\locale\en_GB\LC_MESSAGES\djangojs.mo first seen with mtime 1743655955.0383213
2025-04-03 10:48:29,913 - DEBUG: File D:\Parasuram\Django_Training\new\lib\site-packages\django\contrib\admin\locale\eo\LC_MESSAGES\django.mo first seen with mtime 1743655955.0403209
2025-04-03 10:48:29,913 - DEBUG: File D:\Parasuram\Django_Training\new\lib\site-packages\django\contrib\admin\locale\eo\LC_MESSAGES\djangojs.mo first seen with mtime 1743655955.0413203
2025-04-03 10:48:29,913 - DEBUG: File D:\Parasuram\Django_Training\new\lib\site-packages\django\contrib\admin\locale\es\LC_MESSAGES\django.mo first seen with mtime 1743655955.0423212
2025-04-03 10:48:29,913 - DEBUG: File D:\Parasuram\Django_Training\new\lib\site-packages\django\contrib\admin\locale\es\LC_MESSAGES\djangojs.mo first seen with mtime 1743655955.04432
2025-04-03 10:48:29,913 - DEBUG: File D:\Parasuram\Django_Training\new\lib\site-packages\django\contrib\admin\locale\es_AR\LC_MESSAGES\django.mo first seen with mtime 1743655955.04532
2025-04-03 10:48:29,913 - DEBUG: File D:\Parasuram\Django_Training\new\lib\site-packages\django\contrib\admin\locale\es_AR\LC_MESSAGES\djangojs.mo first seen with mtime 1743655955.04632
2025-04-03 10:48:29,913 - DEBUG: File D:\Parasuram\Django_Training\new\lib\site-packages\django\contrib\admin\locale\es_CO\LC_MESSAGES\django.mo first seen with mtime 1743655955.048319
2025-04-03 10:48:29,913 - DEBUG: File D:\Parasuram\Django_Training\new\lib\site-packages\django\contrib\admin\locale\es_CO\LC_MESSAGES\djangojs.mo first seen with mtime 1743655955.04932
2025-04-03 10:48:29,913 - DEBUG: File D:\Parasuram\Django_Training\new\lib\site-packages\django\contrib\admin\locale\es_MX\LC_MESSAGES\django.mo first seen with mtime 1743655955.0503192
2025-04-03 10:48:29,913 - DEBUG: File D:\Parasuram\Django_Training\new\lib\site-packages\django\contrib\admin\locale\es_MX\LC_MESSAGES\djangojs.mo first seen with mtime 1743655955.0525
2025-04-03 10:48:29,913 - DEBUG: File D:\Parasuram\Django_Training\new\lib\site-packages\django\contrib\admin\locale\es_VE\LC_MESSAGES\django.mo first seen with mtime 1743655955.0535014
2025-04-03 10:48:29,913 - DEBUG: File D:\Parasuram\Django_Training\new\lib\site-packages\django\contrib\admin\locale\es_VE\LC_MESSAGES\djangojs.mo first seen with mtime 1743655955.0545
2025-04-03 10:48:29,913 - DEBUG: File D:\Parasuram\Django_Training\new\lib\site-packages\django\contrib\admin\locale\et\LC_MESSAGES\django.mo first seen with mtime 1743655955.0575027
2025-04-03 10:48:29,913 - DEBUG: File D:\Parasuram\Django_Training\new\lib\site-packages\django\contrib\admin\locale\et\LC_MESSAGES\djangojs.mo first seen with mtime 1743655955.0585015
2025-04-03 10:48:29,913 - DEBUG: File D:\Parasuram\Django_Training\new\lib\site-packages\django\contrib\admin\locale\eu\LC_MESSAGES\django.mo first seen with mtime 1743655955.0796547
2025-04-03 10:48:29,913 - DEBUG: File D:\Parasuram\Django_Training\new\lib\site-packages\django\contrib\admin\locale\eu\LC_MESSAGES\djangojs.mo first seen with mtime 1743655955.0806558
2025-04-03 10:48:29,913 - DEBUG: File D:\Parasuram\Django_Training\new\lib\site-packages\django\contrib\admin\locale\fa\LC_MESSAGES\django.mo first seen with mtime 1743655955.0826545
2025-04-03 10:48:29,913 - DEBUG: File D:\Parasuram\Django_Training\new\lib\site-packages\django\contrib\admin\locale\fa\LC_MESSAGES\djangojs.mo first seen with mtime 1743655955.0846546
2025-04-03 10:48:29,913 - DEBUG: File D:\Parasuram\Django_Training\new\lib\site-packages\django\contrib\admin\locale\fi\LC_MESSAGES\django.mo first seen with mtime 1743655955.0866568
2025-04-03 10:48:29,913 - DEBUG: File D:\Parasuram\Django_Training\new\lib\site-packages\django\contrib\admin\locale\fi\LC_MESSAGES\djangojs.mo first seen with mtime 1743655955.0876546
2025-04-03 10:48:29,913 - DEBUG: File D:\Parasuram\Django_Training\new\lib\site-packages\django\contrib\admin\locale\fr\LC_MESSAGES\django.mo first seen with mtime 1743655955.0886543
2025-04-03 10:48:29,913 - DEBUG: File D:\Parasuram\Django_Training\new\lib\site-packages\django\contrib\admin\locale\fr\LC_MESSAGES\djangojs.mo first seen with mtime 1743655955.089655
2025-04-03 10:48:29,913 - DEBUG: File D:\Parasuram\Django_Training\new\lib\site-packages\django\contrib\admin\locale\fy\LC_MESSAGES\django.mo first seen with mtime 1743655955.0918696
2025-04-03 10:48:29,913 - DEBUG: File D:\Parasuram\Django_Training\new\lib\site-packages\django\contrib\admin\locale\fy\LC_MESSAGES\djangojs.mo first seen with mtime 1743655955.092872
2025-04-03 10:48:29,913 - DEBUG: File D:\Parasuram\Django_Training\new\lib\site-packages\django\contrib\admin\locale\ga\LC_MESSAGES\django.mo first seen with mtime 1743655955.0948706
2025-04-03 10:48:29,913 - DEBUG: File D:\Parasuram\Django_Training\new\lib\site-packages\django\contrib\admin\locale\ga\LC_MESSAGES\djangojs.mo first seen with mtime 1743655955.0968716
2025-04-03 10:48:29,913 - DEBUG: File D:\Parasuram\Django_Training\new\lib\site-packages\django\contrib\admin\locale\gd\LC_MESSAGES\django.mo first seen with mtime 1743655955.09887
2025-04-03 10:48:29,913 - DEBUG: File D:\Parasuram\Django_Training\new\lib\site-packages\django\contrib\admin\locale\gd\LC_MESSAGES\djangojs.mo first seen with mtime 1743655955.0998697
2025-04-03 10:48:29,913 - DEBUG: File D:\Parasuram\Django_Training\new\lib\site-packages\django\contrib\admin\locale\gl\LC_MESSAGES\django.mo first seen with mtime 1743655955.10187
2025-04-03 10:48:29,913 - DEBUG: File D:\Parasuram\Django_Training\new\lib\site-packages\django\contrib\admin\locale\gl\LC_MESSAGES\djangojs.mo first seen with mtime 1743655955.1028705
2025-04-03 10:48:29,913 - DEBUG: File D:\Parasuram\Django_Training\new\lib\site-packages\django\contrib\admin\locale\he\LC_MESSAGES\django.mo first seen with mtime 1743655955.10487
2025-04-03 10:48:29,913 - DEBUG: File D:\Parasuram\Django_Training\new\lib\site-packages\django\contrib\admin\locale\he\LC_MESSAGES\djangojs.mo first seen with mtime 1743655955.1070263
2025-04-03 10:48:29,913 - DEBUG: File D:\Parasuram\Django_Training\new\lib\site-packages\django\contrib\admin\locale\hi\LC_MESSAGES\django.mo first seen with mtime 1743655955.1080258
2025-04-03 10:48:29,913 - DEBUG: File D:\Parasuram\Django_Training\new\lib\site-packages\django\contrib\admin\locale\hi\LC_MESSAGES\djangojs.mo first seen with mtime 1743655955.110027
2025-04-03 10:48:29,913 - DEBUG: File D:\Parasuram\Django_Training\new\lib\site-packages\django\contrib\admin\locale\hr\LC_MESSAGES\django.mo first seen with mtime 1743655955.1111393
2025-04-03 10:48:29,913 - DEBUG: File D:\Parasuram\Django_Training\new\lib\site-packages\django\contrib\admin\locale\hr\LC_MESSAGES\djangojs.mo first seen with mtime 1743655955.1131387
2025-04-03 10:48:29,913 - DEBUG: File D:\Parasuram\Django_Training\new\lib\site-packages\django\contrib\admin\locale\hsb\LC_MESSAGES\django.mo first seen with mtime 1743655955.1151392
2025-04-03 10:48:29,913 - DEBUG: File D:\Parasuram\Django_Training\new\lib\site-packages\django\contrib\admin\locale\hsb\LC_MESSAGES\djangojs.mo first seen with mtime 1743655955.1161413
2025-04-03 10:48:29,913 - DEBUG: File D:\Parasuram\Django_Training\new\lib\site-packages\django\contrib\admin\locale\hu\LC_MESSAGES\django.mo first seen with mtime 1743655955.1181402
2025-04-03 10:48:29,913 - DEBUG: File D:\Parasuram\Django_Training\new\lib\site-packages\django\contrib\admin\locale\hu\LC_MESSAGES\djangojs.mo first seen with mtime 1743655955.1201403
2025-04-03 10:48:29,913 - DEBUG: File D:\Parasuram\Django_Training\new\lib\site-packages\django\contrib\admin\locale\hy\LC_MESSAGES\django.mo first seen with mtime 1743655955.121142
2025-04-03 10:48:29,913 - DEBUG: File D:\Parasuram\Django_Training\new\lib\site-packages\django\contrib\admin\locale\hy\LC_MESSAGES\djangojs.mo first seen with mtime 1743655955.122139
2025-04-03 10:48:29,913 - DEBUG: File D:\Parasuram\Django_Training\new\lib\site-packages\django\contrib\admin\locale\ia\LC_MESSAGES\django.mo first seen with mtime 1743655955.1241386
2025-04-03 10:48:29,913 - DEBUG: File D:\Parasuram\Django_Training\new\lib\site-packages\django\contrib\admin\locale\ia\LC_MESSAGES\djangojs.mo first seen with mtime 1743655955.1251388
2025-04-03 10:48:29,913 - DEBUG: File D:\Parasuram\Django_Training\new\lib\site-packages\django\contrib\admin\locale\id\LC_MESSAGES\django.mo first seen with mtime 1743655955.126139
2025-04-03 10:48:29,913 - DEBUG: File D:\Parasuram\Django_Training\new\lib\site-packages\django\contrib\admin\locale\id\LC_MESSAGES\djangojs.mo first seen with mtime 1743655955.1271412
2025-04-03 10:48:29,913 - DEBUG: File D:\Parasuram\Django_Training\new\lib\site-packages\django\contrib\admin\locale\io\LC_MESSAGES\django.mo first seen with mtime 1743655955.1291394
2025-04-03 10:48:29,913 - DEBUG: File D:\Parasuram\Django_Training\new\lib\site-packages\django\contrib\admin\locale\io\LC_MESSAGES\djangojs.mo first seen with mtime 1743655955.1301386
2025-04-03 10:48:29,913 - DEBUG: File D:\Parasuram\Django_Training\new\lib\site-packages\django\contrib\admin\locale\is\LC_MESSAGES\django.mo first seen with mtime 1743655955.1313045
2025-04-03 10:48:29,913 - DEBUG: File D:\Parasuram\Django_Training\new\lib\site-packages\django\contrib\admin\locale\is\LC_MESSAGES\djangojs.mo first seen with mtime 1743655955.1323037
2025-04-03 10:48:29,913 - DEBUG: File D:\Parasuram\Django_Training\new\lib\site-packages\django\contrib\admin\locale\it\LC_MESSAGES\django.mo first seen with mtime 1743655955.1343043
2025-04-03 10:48:29,913 - DEBUG: File D:\Parasuram\Django_Training\new\lib\site-packages\django\contrib\admin\locale\it\LC_MESSAGES\djangojs.mo first seen with mtime 1743655955.1353035
2025-04-03 10:48:29,929 - DEBUG: File D:\Parasuram\Django_Training\new\lib\site-packages\django\contrib\admin\locale\ja\LC_MESSAGES\django.mo first seen with mtime 1743655955.1373038
2025-04-03 10:48:29,929 - DEBUG: File D:\Parasuram\Django_Training\new\lib\site-packages\django\contrib\admin\locale\ja\LC_MESSAGES\djangojs.mo first seen with mtime 1743655955.138305
2025-04-03 10:48:29,929 - DEBUG: File D:\Parasuram\Django_Training\new\lib\site-packages\django\contrib\admin\locale\ka\LC_MESSAGES\django.mo first seen with mtime 1743655955.140304
2025-04-03 10:48:29,929 - DEBUG: File D:\Parasuram\Django_Training\new\lib\site-packages\django\contrib\admin\locale\ka\LC_MESSAGES\djangojs.mo first seen with mtime 1743655955.1413033
2025-04-03 10:48:29,929 - DEBUG: File D:\Parasuram\Django_Training\new\lib\site-packages\django\contrib\admin\locale\kab\LC_MESSAGES\django.mo first seen with mtime 1743655955.142303
2025-04-03 10:48:29,929 - DEBUG: File D:\Parasuram\Django_Training\new\lib\site-packages\django\contrib\admin\locale\kab\LC_MESSAGES\djangojs.mo first seen with mtime 1743655955.1433032
2025-04-03 10:48:29,929 - DEBUG: File D:\Parasuram\Django_Training\new\lib\site-packages\django\contrib\admin\locale\kk\LC_MESSAGES\django.mo first seen with mtime 1743655955.1461506
2025-04-03 10:48:29,929 - DEBUG: File D:\Parasuram\Django_Training\new\lib\site-packages\django\contrib\admin\locale\kk\LC_MESSAGES\djangojs.mo first seen with mtime 1743655955.1472173
2025-04-03 10:48:29,929 - DEBUG: File D:\Parasuram\Django_Training\new\lib\site-packages\django\contrib\admin\locale\km\LC_MESSAGES\django.mo first seen with mtime 1743655955.148214
2025-04-03 10:48:29,929 - DEBUG: File D:\Parasuram\Django_Training\new\lib\site-packages\django\contrib\admin\locale\km\LC_MESSAGES\djangojs.mo first seen with mtime 1743655955.149216
2025-04-03 10:48:29,929 - DEBUG: File D:\Parasuram\Django_Training\new\lib\site-packages\django\contrib\admin\locale\kn\LC_MESSAGES\django.mo first seen with mtime 1743655955.1502154
2025-04-03 10:48:29,929 - DEBUG: File D:\Parasuram\Django_Training\new\lib\site-packages\django\contrib\admin\locale\kn\LC_MESSAGES\djangojs.mo first seen with mtime 1743655955.152377
2025-04-03 10:48:29,929 - DEBUG: File D:\Parasuram\Django_Training\new\lib\site-packages\django\contrib\admin\locale\ko\LC_MESSAGES\django.mo first seen with mtime 1743655955.1533775
2025-04-03 10:48:29,929 - DEBUG: File D:\Parasuram\Django_Training\new\lib\site-packages\django\contrib\admin\locale\ko\LC_MESSAGES\djangojs.mo first seen with mtime 1743655955.1543775
2025-04-03 10:48:29,929 - DEBUG: File D:\Parasuram\Django_Training\new\lib\site-packages\django\contrib\admin\locale\lb\LC_MESSAGES\django.mo first seen with mtime 1743655955.1553743
2025-04-03 10:48:29,929 - DEBUG: File D:\Parasuram\Django_Training\new\lib\site-packages\django\contrib\admin\locale\lb\LC_MESSAGES\djangojs.mo first seen with mtime 1743655955.1563752
2025-04-03 10:48:29,929 - DEBUG: File D:\Parasuram\Django_Training\new\lib\site-packages\django\contrib\admin\locale\lt\LC_MESSAGES\django.mo first seen with mtime 1743655955.1583757
2025-04-03 10:48:29,929 - DEBUG: File D:\Parasuram\Django_Training\new\lib\site-packages\django\contrib\admin\locale\lt\LC_MESSAGES\djangojs.mo first seen with mtime 1743655955.1593754
2025-04-03 10:48:29,929 - DEBUG: File D:\Parasuram\Django_Training\new\lib\site-packages\django\contrib\admin\locale\lv\LC_MESSAGES\django.mo first seen with mtime 1743655955.160375
2025-04-03 10:48:29,929 - DEBUG: File D:\Parasuram\Django_Training\new\lib\site-packages\django\contrib\admin\locale\lv\LC_MESSAGES\djangojs.mo first seen with mtime 1743655955.162377
2025-04-03 10:48:29,929 - DEBUG: File D:\Parasuram\Django_Training\new\lib\site-packages\django\contrib\admin\locale\mk\LC_MESSAGES\django.mo first seen with mtime 1743655955.1633768
2025-04-03 10:48:29,929 - DEBUG: File D:\Parasuram\Django_Training\new\lib\site-packages\django\contrib\admin\locale\mk\LC_MESSAGES\djangojs.mo first seen with mtime 1743655955.1653752
2025-04-03 10:48:29,929 - DEBUG: File D:\Parasuram\Django_Training\new\lib\site-packages\django\contrib\admin\locale\ml\LC_MESSAGES\django.mo first seen with mtime 1743655955.1663754
2025-04-03 10:48:29,929 - DEBUG: File D:\Parasuram\Django_Training\new\lib\site-packages\django\contrib\admin\locale\ml\LC_MESSAGES\djangojs.mo first seen with mtime 1743655955.1683786
2025-04-03 10:48:29,929 - DEBUG: File D:\Parasuram\Django_Training\new\lib\site-packages\django\contrib\admin\locale\mn\LC_MESSAGES\django.mo first seen with mtime 1743655955.1693773
2025-04-03 10:48:29,929 - DEBUG: File D:\Parasuram\Django_Training\new\lib\site-packages\django\contrib\admin\locale\mn\LC_MESSAGES\djangojs.mo first seen with mtime 1743655955.1703777
2025-04-03 10:48:29,929 - DEBUG: File D:\Parasuram\Django_Training\new\lib\site-packages\django\contrib\admin\locale\mr\LC_MESSAGES\django.mo first seen with mtime 1743655955.1715064
2025-04-03 10:48:29,929 - DEBUG: File D:\Parasuram\Django_Training\new\lib\site-packages\django\contrib\admin\locale\mr\LC_MESSAGES\djangojs.mo first seen with mtime 1743655955.172507
2025-04-03 10:48:29,929 - DEBUG: File D:\Parasuram\Django_Training\new\lib\site-packages\django\contrib\admin\locale\my\LC_MESSAGES\django.mo first seen with mtime 1743655955.1745055
2025-04-03 10:48:29,929 - DEBUG: File D:\Parasuram\Django_Training\new\lib\site-packages\django\contrib\admin\locale\my\LC_MESSAGES\djangojs.mo first seen with mtime 1743655955.1755068
2025-04-03 10:48:29,929 - DEBUG: File D:\Parasuram\Django_Training\new\lib\site-packages\django\contrib\admin\locale\nb\LC_MESSAGES\django.mo first seen with mtime 1743655955.1775053
2025-04-03 10:48:29,929 - DEBUG: File D:\Parasuram\Django_Training\new\lib\site-packages\django\contrib\admin\locale\nb\LC_MESSAGES\djangojs.mo first seen with mtime 1743655955.1785045
2025-04-03 10:48:29,929 - DEBUG: File D:\Parasuram\Django_Training\new\lib\site-packages\django\contrib\admin\locale\ne\LC_MESSAGES\django.mo first seen with mtime 1743655955.180506
2025-04-03 10:48:29,929 - DEBUG: File D:\Parasuram\Django_Training\new\lib\site-packages\django\contrib\admin\locale\ne\LC_MESSAGES\djangojs.mo first seen with mtime 1743655955.1815054
2025-04-03 10:48:29,929 - DEBUG: File D:\Parasuram\Django_Training\new\lib\site-packages\django\contrib\admin\locale\nl\LC_MESSAGES\django.mo first seen with mtime 1743655955.1825073
2025-04-03 10:48:29,929 - DEBUG: File D:\Parasuram\Django_Training\new\lib\site-packages\django\contrib\admin\locale\nl\LC_MESSAGES\djangojs.mo first seen with mtime 1743655955.1845078
2025-04-03 10:48:29,929 - DEBUG: File D:\Parasuram\Django_Training\new\lib\site-packages\django\contrib\admin\locale\nn\LC_MESSAGES\django.mo first seen with mtime 1743655955.185504
2025-04-03 10:48:29,929 - DEBUG: File D:\Parasuram\Django_Training\new\lib\site-packages\django\contrib\admin\locale\nn\LC_MESSAGES\djangojs.mo first seen with mtime 1743655955.186507
2025-04-03 10:48:29,929 - DEBUG: File D:\Parasuram\Django_Training\new\lib\site-packages\django\contrib\admin\locale\os\LC_MESSAGES\django.mo first seen with mtime 1743655955.1875064
2025-04-03 10:48:29,929 - DEBUG: File D:\Parasuram\Django_Training\new\lib\site-packages\django\contrib\admin\locale\os\LC_MESSAGES\djangojs.mo first seen with mtime 1743655955.188504
2025-04-03 10:48:29,929 - DEBUG: File D:\Parasuram\Django_Training\new\lib\site-packages\django\contrib\admin\locale\pa\LC_MESSAGES\django.mo first seen with mtime 1743655955.1895065
2025-04-03 10:48:29,929 - DEBUG: File D:\Parasuram\Django_Training\new\lib\site-packages\django\contrib\admin\locale\pa\LC_MESSAGES\djangojs.mo first seen with mtime 1743655955.190505
2025-04-03 10:48:29,929 - DEBUG: File D:\Parasuram\Django_Training\new\lib\site-packages\django\contrib\admin\locale\pl\LC_MESSAGES\django.mo first seen with mtime 1743655955.1926682
2025-04-03 10:48:29,929 - DEBUG: File D:\Parasuram\Django_Training\new\lib\site-packages\django\contrib\admin\locale\pl\LC_MESSAGES\djangojs.mo first seen with mtime 1743655955.1946635
2025-04-03 10:48:29,929 - DEBUG: File D:\Parasuram\Django_Training\new\lib\site-packages\django\contrib\admin\locale\pt\LC_MESSAGES\django.mo first seen with mtime 1743655955.1966627
2025-04-03 10:48:29,929 - DEBUG: File D:\Parasuram\Django_Training\new\lib\site-packages\django\contrib\admin\locale\pt\LC_MESSAGES\djangojs.mo first seen with mtime 1743655955.1986628
2025-04-03 10:48:29,929 - DEBUG: File D:\Parasuram\Django_Training\new\lib\site-packages\django\contrib\admin\locale\pt_BR\LC_MESSAGES\django.mo first seen with mtime 1743655955.2006629
2025-04-03 10:48:29,929 - DEBUG: File D:\Parasuram\Django_Training\new\lib\site-packages\django\contrib\admin\locale\pt_BR\LC_MESSAGES\djangojs.mo first seen with mtime 1743655955.2016685
2025-04-03 10:48:29,929 - DEBUG: File D:\Parasuram\Django_Training\new\lib\site-packages\django\contrib\admin\locale\ro\LC_MESSAGES\django.mo first seen with mtime 1743655955.2046628
2025-04-03 10:48:29,929 - DEBUG: File D:\Parasuram\Django_Training\new\lib\site-packages\django\contrib\admin\locale\ro\LC_MESSAGES\djangojs.mo first seen with mtime 1743655955.207174
2025-04-03 10:48:29,929 - DEBUG: File D:\Parasuram\Django_Training\new\lib\site-packages\django\contrib\admin\locale\ru\LC_MESSAGES\django.mo first seen with mtime 1743655955.209177
2025-04-03 10:48:29,929 - DEBUG: File D:\Parasuram\Django_Training\new\lib\site-packages\django\contrib\admin\locale\ru\LC_MESSAGES\djangojs.mo first seen with mtime 1743655955.2101784
2025-04-03 10:48:29,929 - DEBUG: File D:\Parasuram\Django_Training\new\lib\site-packages\django\contrib\admin\locale\sk\LC_MESSAGES\django.mo first seen with mtime 1743655955.2123535
2025-04-03 10:48:29,929 - DEBUG: File D:\Parasuram\Django_Training\new\lib\site-packages\django\contrib\admin\locale\sk\LC_MESSAGES\djangojs.mo first seen with mtime 1743655955.2133522
2025-04-03 10:48:29,929 - DEBUG: File D:\Parasuram\Django_Training\new\lib\site-packages\django\contrib\admin\locale\sl\LC_MESSAGES\django.mo first seen with mtime 1743655955.214355
2025-04-03 10:48:29,929 - DEBUG: File D:\Parasuram\Django_Training\new\lib\site-packages\django\contrib\admin\locale\sl\LC_MESSAGES\djangojs.mo first seen with mtime 1743655955.215353
2025-04-03 10:48:29,929 - DEBUG: File D:\Parasuram\Django_Training\new\lib\site-packages\django\contrib\admin\locale\sq\LC_MESSAGES\django.mo first seen with mtime 1743655955.216353
2025-04-03 10:48:29,929 - DEBUG: File D:\Parasuram\Django_Training\new\lib\site-packages\django\contrib\admin\locale\sq\LC_MESSAGES\djangojs.mo first seen with mtime 1743655955.2173555
2025-04-03 10:48:29,929 - DEBUG: File D:\Parasuram\Django_Training\new\lib\site-packages\django\contrib\admin\locale\sr\LC_MESSAGES\django.mo first seen with mtime 1743655955.219354
2025-04-03 10:48:29,929 - DEBUG: File D:\Parasuram\Django_Training\new\lib\site-packages\django\contrib\admin\locale\sr\LC_MESSAGES\djangojs.mo first seen with mtime 1743655955.2203507
2025-04-03 10:48:29,929 - DEBUG: File D:\Parasuram\Django_Training\new\lib\site-packages\django\contrib\admin\locale\sr_Latn\LC_MESSAGES\django.mo first seen with mtime 1743655955.2213526
2025-04-03 10:48:29,929 - DEBUG: File D:\Parasuram\Django_Training\new\lib\site-packages\django\contrib\admin\locale\sr_Latn\LC_MESSAGES\djangojs.mo first seen with mtime 1743655955.2223506
2025-04-03 10:48:29,929 - DEBUG: File D:\Parasuram\Django_Training\new\lib\site-packages\django\contrib\admin\locale\sv\LC_MESSAGES\django.mo first seen with mtime 1743655955.2243538
2025-04-03 10:48:29,929 - DEBUG: File D:\Parasuram\Django_Training\new\lib\site-packages\django\contrib\admin\locale\sv\LC_MESSAGES\djangojs.mo first seen with mtime 1743655955.2253506
2025-04-03 10:48:29,929 - DEBUG: File D:\Parasuram\Django_Training\new\lib\site-packages\django\contrib\admin\locale\sw\LC_MESSAGES\django.mo first seen with mtime 1743655955.226351
2025-04-03 10:48:29,929 - DEBUG: File D:\Parasuram\Django_Training\new\lib\site-packages\django\contrib\admin\locale\sw\LC_MESSAGES\djangojs.mo first seen with mtime 1743655955.2273507
2025-04-03 10:48:29,929 - DEBUG: File D:\Parasuram\Django_Training\new\lib\site-packages\django\contrib\admin\locale\ta\LC_MESSAGES\django.mo first seen with mtime 1743655955.2293506
2025-04-03 10:48:29,929 - DEBUG: File D:\Parasuram\Django_Training\new\lib\site-packages\django\contrib\admin\locale\ta\LC_MESSAGES\djangojs.mo first seen with mtime 1743655955.2303517
2025-04-03 10:48:29,929 - DEBUG: File D:\Parasuram\Django_Training\new\lib\site-packages\django\contrib\admin\locale\te\LC_MESSAGES\django.mo first seen with mtime 1743655955.2325401
2025-04-03 10:48:29,929 - DEBUG: File D:\Parasuram\Django_Training\new\lib\site-packages\django\contrib\admin\locale\te\LC_MESSAGES\djangojs.mo first seen with mtime 1743655955.233537
2025-04-03 10:48:29,929 - DEBUG: File D:\Parasuram\Django_Training\new\lib\site-packages\django\contrib\admin\locale\th\LC_MESSAGES\django.mo first seen with mtime 1743655955.2355373
2025-04-03 10:48:29,929 - DEBUG: File D:\Parasuram\Django_Training\new\lib\site-packages\django\contrib\admin\locale\th\LC_MESSAGES\djangojs.mo first seen with mtime 1743655955.237537
2025-04-03 10:48:29,929 - DEBUG: File D:\Parasuram\Django_Training\new\lib\site-packages\django\contrib\admin\locale\tr\LC_MESSAGES\django.mo first seen with mtime 1743655955.2395377
2025-04-03 10:48:29,929 - DEBUG: File D:\Parasuram\Django_Training\new\lib\site-packages\django\contrib\admin\locale\tr\LC_MESSAGES\djangojs.mo first seen with mtime 1743655955.2415373
2025-04-03 10:48:29,929 - DEBUG: File D:\Parasuram\Django_Training\new\lib\site-packages\django\contrib\admin\locale\tt\LC_MESSAGES\django.mo first seen with mtime 1743655955.2435377
2025-04-03 10:48:29,929 - DEBUG: File D:\Parasuram\Django_Training\new\lib\site-packages\django\contrib\admin\locale\tt\LC_MESSAGES\djangojs.mo first seen with mtime 1743655955.244535
2025-04-03 10:48:29,929 - DEBUG: File D:\Parasuram\Django_Training\new\lib\site-packages\django\contrib\admin\locale\udm\LC_MESSAGES\django.mo first seen with mtime 1743655955.246537
2025-04-03 10:48:29,929 - DEBUG: File D:\Parasuram\Django_Training\new\lib\site-packages\django\contrib\admin\locale\udm\LC_MESSAGES\djangojs.mo first seen with mtime 1743655955.2475355
2025-04-03 10:48:29,929 - DEBUG: File D:\Parasuram\Django_Training\new\lib\site-packages\django\contrib\admin\locale\uk\LC_MESSAGES\django.mo first seen with mtime 1743655955.249537
2025-04-03 10:48:29,929 - DEBUG: File D:\Parasuram\Django_Training\new\lib\site-packages\django\contrib\admin\locale\uk\LC_MESSAGES\djangojs.mo first seen with mtime 1743655955.2505352
2025-04-03 10:48:29,929 - DEBUG: File D:\Parasuram\Django_Training\new\lib\site-packages\django\contrib\admin\locale\ur\LC_MESSAGES\django.mo first seen with mtime 1743655955.251714
2025-04-03 10:48:29,929 - DEBUG: File D:\Parasuram\Django_Training\new\lib\site-packages\django\contrib\admin\locale\ur\LC_MESSAGES\djangojs.mo first seen with mtime 1743655955.2537122
2025-04-03 10:48:29,929 - DEBUG: File D:\Parasuram\Django_Training\new\lib\site-packages\django\contrib\admin\locale\uz\LC_MESSAGES\django.mo first seen with mtime 1743655955.255713
2025-04-03 10:48:29,929 - DEBUG: File D:\Parasuram\Django_Training\new\lib\site-packages\django\contrib\admin\locale\uz\LC_MESSAGES\djangojs.mo first seen with mtime 1743655955.2567134
2025-04-03 10:48:29,945 - DEBUG: File D:\Parasuram\Django_Training\new\lib\site-packages\django\contrib\admin\locale\vi\LC_MESSAGES\django.mo first seen with mtime 1743655955.2587135
2025-04-03 10:48:29,945 - DEBUG: File D:\Parasuram\Django_Training\new\lib\site-packages\django\contrib\admin\locale\vi\LC_MESSAGES\djangojs.mo first seen with mtime 1743655955.2607129
2025-04-03 10:48:29,945 - DEBUG: File D:\Parasuram\Django_Training\new\lib\site-packages\django\contrib\admin\locale\zh_Hans\LC_MESSAGES\django.mo first seen with mtime 1743655955.262712
2025-04-03 10:48:29,945 - DEBUG: File D:\Parasuram\Django_Training\new\lib\site-packages\django\contrib\admin\locale\zh_Hans\LC_MESSAGES\djangojs.mo first seen with mtime 1743655955.2647126
2025-04-03 10:48:29,945 - DEBUG: File D:\Parasuram\Django_Training\new\lib\site-packages\django\contrib\admin\locale\zh_Hant\LC_MESSAGES\django.mo first seen with mtime 1743655955.2667139
2025-04-03 10:48:29,945 - DEBUG: File D:\Parasuram\Django_Training\new\lib\site-packages\django\contrib\admin\locale\zh_Hant\LC_MESSAGES\djangojs.mo first seen with mtime 1743655955.267713
2025-04-03 10:48:29,945 - DEBUG: File D:\Parasuram\Django_Training\new\lib\site-packages\django\contrib\auth\locale\af\LC_MESSAGES\django.mo first seen with mtime 1743655955.5768335
2025-04-03 10:48:29,945 - DEBUG: File D:\Parasuram\Django_Training\new\lib\site-packages\django\contrib\auth\locale\ar\LC_MESSAGES\django.mo first seen with mtime 1743655955.578834
2025-04-03 10:48:29,945 - DEBUG: File D:\Parasuram\Django_Training\new\lib\site-packages\django\contrib\auth\locale\ast\LC_MESSAGES\django.mo first seen with mtime 1743655955.5808342
2025-04-03 10:48:29,945 - DEBUG: File D:\Parasuram\Django_Training\new\lib\site-packages\django\contrib\auth\locale\az\LC_MESSAGES\django.mo first seen with mtime 1743655955.5828333
2025-04-03 10:48:29,945 - DEBUG: File D:\Parasuram\Django_Training\new\lib\site-packages\django\contrib\auth\locale\be\LC_MESSAGES\django.mo first seen with mtime 1743655955.584834
2025-04-03 10:48:29,945 - DEBUG: File D:\Parasuram\Django_Training\new\lib\site-packages\django\contrib\auth\locale\bg\LC_MESSAGES\django.mo first seen with mtime 1743655955.5902731
2025-04-03 10:48:29,945 - DEBUG: File D:\Parasuram\Django_Training\new\lib\site-packages\django\contrib\auth\locale\bn\LC_MESSAGES\django.mo first seen with mtime 1743655955.5934293
2025-04-03 10:48:29,945 - DEBUG: File D:\Parasuram\Django_Training\new\lib\site-packages\django\contrib\auth\locale\br\LC_MESSAGES\django.mo first seen with mtime 1743655955.5954301
2025-04-03 10:48:29,945 - DEBUG: File D:\Parasuram\Django_Training\new\lib\site-packages\django\contrib\auth\locale\bs\LC_MESSAGES\django.mo first seen with mtime 1743655955.5974288
2025-04-03 10:48:29,945 - DEBUG: File D:\Parasuram\Django_Training\new\lib\site-packages\django\contrib\auth\locale\ca\LC_MESSAGES\django.mo first seen with mtime 1743655955.5994294
2025-04-03 10:48:29,945 - DEBUG: File D:\Parasuram\Django_Training\new\lib\site-packages\django\contrib\auth\locale\cs\LC_MESSAGES\django.mo first seen with mtime 1743655955.6014283
2025-04-03 10:48:29,945 - DEBUG: File D:\Parasuram\Django_Training\new\lib\site-packages\django\contrib\auth\locale\cy\LC_MESSAGES\django.mo first seen with mtime 1743655955.6034293
2025-04-03 10:48:29,945 - DEBUG: File D:\Parasuram\Django_Training\new\lib\site-packages\django\contrib\auth\locale\da\LC_MESSAGES\django.mo first seen with mtime 1743655955.6054294
2025-04-03 10:48:29,945 - DEBUG: File D:\Parasuram\Django_Training\new\lib\site-packages\django\contrib\auth\locale\de\LC_MESSAGES\django.mo first seen with mtime 1743655955.6079445
2025-04-03 10:48:29,945 - DEBUG: File D:\Parasuram\Django_Training\new\lib\site-packages\django\contrib\auth\locale\dsb\LC_MESSAGES\django.mo first seen with mtime 1743655955.6089444
2025-04-03 10:48:29,945 - DEBUG: File D:\Parasuram\Django_Training\new\lib\site-packages\django\contrib\auth\locale\el\LC_MESSAGES\django.mo first seen with mtime 1743655955.610951
2025-04-03 10:48:29,945 - DEBUG: File D:\Parasuram\Django_Training\new\lib\site-packages\django\contrib\auth\locale\en\LC_MESSAGES\django.mo first seen with mtime 1743655955.6123812
2025-04-03 10:48:29,945 - DEBUG: File D:\Parasuram\Django_Training\new\lib\site-packages\django\contrib\auth\locale\en_AU\LC_MESSAGES\django.mo first seen with mtime 1743655955.6152306
2025-04-03 10:48:29,945 - DEBUG: File D:\Parasuram\Django_Training\new\lib\site-packages\django\contrib\auth\locale\en_GB\LC_MESSAGES\django.mo first seen with mtime 1743655955.6172402
2025-04-03 10:48:29,945 - DEBUG: File D:\Parasuram\Django_Training\new\lib\site-packages\django\contrib\auth\locale\eo\LC_MESSAGES\django.mo first seen with mtime 1743655955.6192386
2025-04-03 10:48:29,945 - DEBUG: File D:\Parasuram\Django_Training\new\lib\site-packages\django\contrib\auth\locale\es\LC_MESSAGES\django.mo first seen with mtime 1743655955.6212394
2025-04-03 10:48:29,945 - DEBUG: File D:\Parasuram\Django_Training\new\lib\site-packages\django\contrib\auth\locale\es_AR\LC_MESSAGES\django.mo first seen with mtime 1743655955.6232393
2025-04-03 10:48:29,945 - DEBUG: File D:\Parasuram\Django_Training\new\lib\site-packages\django\contrib\auth\locale\es_CO\LC_MESSAGES\django.mo first seen with mtime 1743655955.625239
2025-04-03 10:48:29,945 - DEBUG: File D:\Parasuram\Django_Training\new\lib\site-packages\django\contrib\auth\locale\es_MX\LC_MESSAGES\django.mo first seen with mtime 1743655955.627239
2025-04-03 10:48:29,945 - DEBUG: File D:\Parasuram\Django_Training\new\lib\site-packages\django\contrib\auth\locale\es_VE\LC_MESSAGES\django.mo first seen with mtime 1743655955.6292398
2025-04-03 10:48:29,945 - DEBUG: File D:\Parasuram\Django_Training\new\lib\site-packages\django\contrib\auth\locale\et\LC_MESSAGES\django.mo first seen with mtime 1743655955.6319654
2025-04-03 10:48:29,945 - DEBUG: File D:\Parasuram\Django_Training\new\lib\site-packages\django\contrib\auth\locale\eu\LC_MESSAGES\django.mo first seen with mtime 1743655955.6339674
2025-04-03 10:48:29,945 - DEBUG: File D:\Parasuram\Django_Training\new\lib\site-packages\django\contrib\auth\locale\fa\LC_MESSAGES\django.mo first seen with mtime 1743655955.6349676
2025-04-03 10:48:29,945 - DEBUG: File D:\Parasuram\Django_Training\new\lib\site-packages\django\contrib\auth\locale\fi\LC_MESSAGES\django.mo first seen with mtime 1743655955.6369638
2025-04-03 10:48:29,945 - DEBUG: File D:\Parasuram\Django_Training\new\lib\site-packages\django\contrib\auth\locale\fr\LC_MESSAGES\django.mo first seen with mtime 1743655955.638966
2025-04-03 10:48:29,945 - DEBUG: File D:\Parasuram\Django_Training\new\lib\site-packages\django\contrib\auth\locale\fy\LC_MESSAGES\django.mo first seen with mtime 1743655955.6409657
2025-04-03 10:48:29,945 - DEBUG: File D:\Parasuram\Django_Training\new\lib\site-packages\django\contrib\auth\locale\ga\LC_MESSAGES\django.mo first seen with mtime 1743655955.642964
2025-04-03 10:48:29,945 - DEBUG: File D:\Parasuram\Django_Training\new\lib\site-packages\django\contrib\auth\locale\gd\LC_MESSAGES\django.mo first seen with mtime 1743655955.6449654
2025-04-03 10:48:29,945 - DEBUG: File D:\Parasuram\Django_Training\new\lib\site-packages\django\contrib\auth\locale\gl\LC_MESSAGES\django.mo first seen with mtime 1743655955.6469653
2025-04-03 10:48:29,945 - DEBUG: File D:\Parasuram\Django_Training\new\lib\site-packages\django\contrib\auth\locale\he\LC_MESSAGES\django.mo first seen with mtime 1743655955.6489675
2025-04-03 10:48:29,945 - DEBUG: File D:\Parasuram\Django_Training\new\lib\site-packages\django\contrib\auth\locale\hi\LC_MESSAGES\django.mo first seen with mtime 1743655955.6511736
2025-04-03 10:48:29,945 - DEBUG: File D:\Parasuram\Django_Training\new\lib\site-packages\django\contrib\auth\locale\hr\LC_MESSAGES\django.mo first seen with mtime 1743655955.6531737
2025-04-03 10:48:29,945 - DEBUG: File D:\Parasuram\Django_Training\new\lib\site-packages\django\contrib\auth\locale\hsb\LC_MESSAGES\django.mo first seen with mtime 1743655955.654174
2025-04-03 10:48:29,945 - DEBUG: File D:\Parasuram\Django_Training\new\lib\site-packages\django\contrib\auth\locale\hu\LC_MESSAGES\django.mo first seen with mtime 1743655955.6551728
2025-04-03 10:48:29,945 - DEBUG: File D:\Parasuram\Django_Training\new\lib\site-packages\django\contrib\auth\locale\hy\LC_MESSAGES\django.mo first seen with mtime 1743655955.6571739
2025-04-03 10:48:29,945 - DEBUG: File D:\Parasuram\Django_Training\new\lib\site-packages\django\contrib\auth\locale\ia\LC_MESSAGES\django.mo first seen with mtime 1743655955.6581721
2025-04-03 10:48:29,945 - DEBUG: File D:\Parasuram\Django_Training\new\lib\site-packages\django\contrib\auth\locale\id\LC_MESSAGES\django.mo first seen with mtime 1743655955.6591706
2025-04-03 10:48:29,945 - DEBUG: File D:\Parasuram\Django_Training\new\lib\site-packages\django\contrib\auth\locale\io\LC_MESSAGES\django.mo first seen with mtime 1743655955.6611748
2025-04-03 10:48:29,945 - DEBUG: File D:\Parasuram\Django_Training\new\lib\site-packages\django\contrib\auth\locale\is\LC_MESSAGES\django.mo first seen with mtime 1743655955.6631727
2025-04-03 10:48:29,945 - DEBUG: File D:\Parasuram\Django_Training\new\lib\site-packages\django\contrib\auth\locale\it\LC_MESSAGES\django.mo first seen with mtime 1743655955.6651747
2025-04-03 10:48:29,945 - DEBUG: File D:\Parasuram\Django_Training\new\lib\site-packages\django\contrib\auth\locale\ja\LC_MESSAGES\django.mo first seen with mtime 1743655955.6671724
2025-04-03 10:48:29,945 - DEBUG: File D:\Parasuram\Django_Training\new\lib\site-packages\django\contrib\auth\locale\ka\LC_MESSAGES\django.mo first seen with mtime 1743655955.6691709
2025-04-03 10:48:29,945 - DEBUG: File D:\Parasuram\Django_Training\new\lib\site-packages\django\contrib\auth\locale\kab\LC_MESSAGES\django.mo first seen with mtime 1743655955.6713493
2025-04-03 10:48:29,945 - DEBUG: File D:\Parasuram\Django_Training\new\lib\site-packages\django\contrib\auth\locale\kk\LC_MESSAGES\django.mo first seen with mtime 1743655955.6745334
2025-04-03 10:48:29,945 - DEBUG: File D:\Parasuram\Django_Training\new\lib\site-packages\django\contrib\auth\locale\km\LC_MESSAGES\django.mo first seen with mtime 1743655955.676479
2025-04-03 10:48:29,945 - DEBUG: File D:\Parasuram\Django_Training\new\lib\site-packages\django\contrib\auth\locale\kn\LC_MESSAGES\django.mo first seen with mtime 1743655955.6784751
2025-04-03 10:48:29,945 - DEBUG: File D:\Parasuram\Django_Training\new\lib\site-packages\django\contrib\auth\locale\ko\LC_MESSAGES\django.mo first seen with mtime 1743655955.680476
2025-04-03 10:48:29,945 - DEBUG: File D:\Parasuram\Django_Training\new\lib\site-packages\django\contrib\auth\locale\lb\LC_MESSAGES\django.mo first seen with mtime 1743655955.6824749
2025-04-03 10:48:29,945 - DEBUG: File D:\Parasuram\Django_Training\new\lib\site-packages\django\contrib\auth\locale\lt\LC_MESSAGES\django.mo first seen with mtime 1743655955.683475
2025-04-03 10:48:29,945 - DEBUG: File D:\Parasuram\Django_Training\new\lib\site-packages\django\contrib\auth\locale\lv\LC_MESSAGES\django.mo first seen with mtime 1743655955.6864767
2025-04-03 10:48:29,960 - DEBUG: File D:\Parasuram\Django_Training\new\lib\site-packages\django\contrib\auth\locale\mk\LC_MESSAGES\django.mo first seen with mtime 1743655955.6884763
2025-04-03 10:48:29,960 - DEBUG: File D:\Parasuram\Django_Training\new\lib\site-packages\django\contrib\auth\locale\ml\LC_MESSAGES\django.mo first seen with mtime 1743655955.690476
2025-04-03 10:48:29,960 - DEBUG: File D:\Parasuram\Django_Training\new\lib\site-packages\django\contrib\auth\locale\mn\LC_MESSAGES\django.mo first seen with mtime 1743655955.6926615
2025-04-03 10:48:29,960 - DEBUG: File D:\Parasuram\Django_Training\new\lib\site-packages\django\contrib\auth\locale\mr\LC_MESSAGES\django.mo first seen with mtime 1743655955.6946585
2025-04-03 10:48:29,960 - DEBUG: File D:\Parasuram\Django_Training\new\lib\site-packages\django\contrib\auth\locale\my\LC_MESSAGES\django.mo first seen with mtime 1743655955.6966588
2025-04-03 10:48:29,960 - DEBUG: File D:\Parasuram\Django_Training\new\lib\site-packages\django\contrib\auth\locale\nb\LC_MESSAGES\django.mo first seen with mtime 1743655955.6986568
2025-04-03 10:48:29,960 - DEBUG: File D:\Parasuram\Django_Training\new\lib\site-packages\django\contrib\auth\locale\ne\LC_MESSAGES\django.mo first seen with mtime 1743655955.70066
2025-04-03 10:48:29,960 - DEBUG: File D:\Parasuram\Django_Training\new\lib\site-packages\django\contrib\auth\locale\nl\LC_MESSAGES\django.mo first seen with mtime 1743655955.7026582
2025-04-03 10:48:29,960 - DEBUG: File D:\Parasuram\Django_Training\new\lib\site-packages\django\contrib\auth\locale\nn\LC_MESSAGES\django.mo first seen with mtime 1743655955.7046585
2025-04-03 10:48:29,960 - DEBUG: File D:\Parasuram\Django_Training\new\lib\site-packages\django\contrib\auth\locale\os\LC_MESSAGES\django.mo first seen with mtime 1743655955.7071643
2025-04-03 10:48:29,960 - DEBUG: File D:\Parasuram\Django_Training\new\lib\site-packages\django\contrib\auth\locale\pa\LC_MESSAGES\django.mo first seen with mtime 1743655955.7091708
2025-04-03 10:48:29,960 - DEBUG: File D:\Parasuram\Django_Training\new\lib\site-packages\django\contrib\auth\locale\pl\LC_MESSAGES\django.mo first seen with mtime 1743655955.711354
2025-04-03 10:48:29,960 - DEBUG: File D:\Parasuram\Django_Training\new\lib\site-packages\django\contrib\auth\locale\pt\LC_MESSAGES\django.mo first seen with mtime 1743655955.713356
2025-04-03 10:48:29,960 - DEBUG: File D:\Parasuram\Django_Training\new\lib\site-packages\django\contrib\auth\locale\pt_BR\LC_MESSAGES\django.mo first seen with mtime 1743655955.7153547
2025-04-03 10:48:29,960 - DEBUG: File D:\Parasuram\Django_Training\new\lib\site-packages\django\contrib\auth\locale\ro\LC_MESSAGES\django.mo first seen with mtime 1743655955.7173553
2025-04-03 10:48:29,960 - DEBUG: File D:\Parasuram\Django_Training\new\lib\site-packages\django\contrib\auth\locale\ru\LC_MESSAGES\django.mo first seen with mtime 1743655955.7193558
2025-04-03 10:48:29,960 - DEBUG: File D:\Parasuram\Django_Training\new\lib\site-packages\django\contrib\auth\locale\sk\LC_MESSAGES\django.mo first seen with mtime 1743655955.7223568
2025-04-03 10:48:29,965 - DEBUG: File D:\Parasuram\Django_Training\new\lib\site-packages\django\contrib\auth\locale\sl\LC_MESSAGES\django.mo first seen with mtime 1743655955.724357
2025-04-03 10:48:29,965 - DEBUG: File D:\Parasuram\Django_Training\new\lib\site-packages\django\contrib\auth\locale\sq\LC_MESSAGES\django.mo first seen with mtime 1743655955.7273545
2025-04-03 10:48:29,965 - DEBUG: File D:\Parasuram\Django_Training\new\lib\site-packages\django\contrib\auth\locale\sr\LC_MESSAGES\django.mo first seen with mtime 1743655955.729358
2025-04-03 10:48:29,965 - DEBUG: File D:\Parasuram\Django_Training\new\lib\site-packages\django\contrib\auth\locale\sr_Latn\LC_MESSAGES\django.mo first seen with mtime 1743655955.732356
2025-04-03 10:48:29,965 - DEBUG: File D:\Parasuram\Django_Training\new\lib\site-packages\django\contrib\auth\locale\sv\LC_MESSAGES\django.mo first seen with mtime 1743655955.734357
2025-04-03 10:48:29,965 - DEBUG: File D:\Parasuram\Django_Training\new\lib\site-packages\django\contrib\auth\locale\sw\LC_MESSAGES\django.mo first seen with mtime 1743655955.7363582
2025-04-03 10:48:29,965 - DEBUG: File D:\Parasuram\Django_Training\new\lib\site-packages\django\contrib\auth\locale\ta\LC_MESSAGES\django.mo first seen with mtime 1743655955.7383542
2025-04-03 10:48:29,965 - DEBUG: File D:\Parasuram\Django_Training\new\lib\site-packages\django\contrib\auth\locale\te\LC_MESSAGES\django.mo first seen with mtime 1743655955.7413561
2025-04-03 10:48:29,965 - DEBUG: File D:\Parasuram\Django_Training\new\lib\site-packages\django\contrib\auth\locale\th\LC_MESSAGES\django.mo first seen with mtime 1743655955.7433565
2025-04-03 10:48:29,965 - DEBUG: File D:\Parasuram\Django_Training\new\lib\site-packages\django\contrib\auth\locale\tr\LC_MESSAGES\django.mo first seen with mtime 1743655955.7453554
2025-04-03 10:48:29,965 - DEBUG: File D:\Parasuram\Django_Training\new\lib\site-packages\django\contrib\auth\locale\tt\LC_MESSAGES\django.mo first seen with mtime 1743655955.7473545
2025-04-03 10:48:29,965 - DEBUG: File D:\Parasuram\Django_Training\new\lib\site-packages\django\contrib\auth\locale\udm\LC_MESSAGES\django.mo first seen with mtime 1743655955.7493565
2025-04-03 10:48:29,965 - DEBUG: File D:\Parasuram\Django_Training\new\lib\site-packages\django\contrib\auth\locale\uk\LC_MESSAGES\django.mo first seen with mtime 1743655955.751356
2025-04-03 10:48:29,965 - DEBUG: File D:\Parasuram\Django_Training\new\lib\site-packages\django\contrib\auth\locale\ur\LC_MESSAGES\django.mo first seen with mtime 1743655955.7963638
2025-04-03 10:48:29,965 - DEBUG: File D:\Parasuram\Django_Training\new\lib\site-packages\django\contrib\auth\locale\uz\LC_MESSAGES\django.mo first seen with mtime 1743655955.800362
2025-04-03 10:48:29,965 - DEBUG: File D:\Parasuram\Django_Training\new\lib\site-packages\django\contrib\auth\locale\vi\LC_MESSAGES\django.mo first seen with mtime 1743655955.8026319
2025-04-03 10:48:29,965 - DEBUG: File D:\Parasuram\Django_Training\new\lib\site-packages\django\contrib\auth\locale\zh_Hans\LC_MESSAGES\django.mo first seen with mtime 1743655955.8071392
2025-04-03 10:48:29,965 - DEBUG: File D:\Parasuram\Django_Training\new\lib\site-packages\django\contrib\auth\locale\zh_Hant\LC_MESSAGES\django.mo first seen with mtime 1743655955.8101473
2025-04-03 10:48:29,965 - DEBUG: File D:\Parasuram\Django_Training\new\lib\site-packages\django\contrib\contenttypes\locale\af\LC_MESSAGES\django.mo first seen with mtime 1743655955.8383484
2025-04-03 10:48:29,965 - DEBUG: File D:\Parasuram\Django_Training\new\lib\site-packages\django\contrib\contenttypes\locale\ar\LC_MESSAGES\django.mo first seen with mtime 1743655955.8403518
2025-04-03 10:48:29,965 - DEBUG: File D:\Parasuram\Django_Training\new\lib\site-packages\django\contrib\contenttypes\locale\ast\LC_MESSAGES\django.mo first seen with mtime 1743655955.84235
2025-04-03 10:48:29,965 - DEBUG: File D:\Parasuram\Django_Training\new\lib\site-packages\django\contrib\contenttypes\locale\az\LC_MESSAGES\django.mo first seen with mtime 1743655955.84435
2025-04-03 10:48:29,965 - DEBUG: File D:\Parasuram\Django_Training\new\lib\site-packages\django\contrib\contenttypes\locale\be\LC_MESSAGES\django.mo first seen with mtime 1743655955.847351
2025-04-03 10:48:29,965 - DEBUG: File D:\Parasuram\Django_Training\new\lib\site-packages\django\contrib\contenttypes\locale\bg\LC_MESSAGES\django.mo first seen with mtime 1743655955.8493497
2025-04-03 10:48:29,965 - DEBUG: File D:\Parasuram\Django_Training\new\lib\site-packages\django\contrib\contenttypes\locale\bn\LC_MESSAGES\django.mo first seen with mtime 1743655955.8523536
2025-04-03 10:48:29,965 - DEBUG: File D:\Parasuram\Django_Training\new\lib\site-packages\django\contrib\contenttypes\locale\br\LC_MESSAGES\django.mo first seen with mtime 1743655955.8533514
2025-04-03 10:48:29,965 - DEBUG: File D:\Parasuram\Django_Training\new\lib\site-packages\django\contrib\contenttypes\locale\bs\LC_MESSAGES\django.mo first seen with mtime 1743655955.855351
2025-04-03 10:48:29,965 - DEBUG: File D:\Parasuram\Django_Training\new\lib\site-packages\django\contrib\contenttypes\locale\ca\LC_MESSAGES\django.mo first seen with mtime 1743655955.8563502
2025-04-03 10:48:29,965 - DEBUG: File D:\Parasuram\Django_Training\new\lib\site-packages\django\contrib\contenttypes\locale\cs\LC_MESSAGES\django.mo first seen with mtime 1743655955.8583508
2025-04-03 10:48:29,965 - DEBUG: File D:\Parasuram\Django_Training\new\lib\site-packages\django\contrib\contenttypes\locale\cy\LC_MESSAGES\django.mo first seen with mtime 1743655955.8603494
2025-04-03 10:48:29,965 - DEBUG: File D:\Parasuram\Django_Training\new\lib\site-packages\django\contrib\contenttypes\locale\da\LC_MESSAGES\django.mo first seen with mtime 1743655955.8613503
2025-04-03 10:48:29,965 - DEBUG: File D:\Parasuram\Django_Training\new\lib\site-packages\django\contrib\contenttypes\locale\de\LC_MESSAGES\django.mo first seen with mtime 1743655955.8643522
2025-04-03 10:48:29,965 - DEBUG: File D:\Parasuram\Django_Training\new\lib\site-packages\django\contrib\contenttypes\locale\dsb\LC_MESSAGES\django.mo first seen with mtime 1743655955.8663487
2025-04-03 10:48:29,965 - DEBUG: File D:\Parasuram\Django_Training\new\lib\site-packages\django\contrib\contenttypes\locale\el\LC_MESSAGES\django.mo first seen with mtime 1743655955.8683493
2025-04-03 10:48:29,965 - DEBUG: File D:\Parasuram\Django_Training\new\lib\site-packages\django\contrib\contenttypes\locale\en\LC_MESSAGES\django.mo first seen with mtime 1743655955.8703504
2025-04-03 10:48:29,965 - DEBUG: File D:\Parasuram\Django_Training\new\lib\site-packages\django\contrib\contenttypes\locale\en_AU\LC_MESSAGES\django.mo first seen with mtime 1743655955.8725078
2025-04-03 10:48:29,965 - DEBUG: File D:\Parasuram\Django_Training\new\lib\site-packages\django\contrib\contenttypes\locale\en_GB\LC_MESSAGES\django.mo first seen with mtime 1743655955.873508
2025-04-03 10:48:29,965 - DEBUG: File D:\Parasuram\Django_Training\new\lib\site-packages\django\contrib\contenttypes\locale\eo\LC_MESSAGES\django.mo first seen with mtime 1743655955.875507
2025-04-03 10:48:29,965 - DEBUG: File D:\Parasuram\Django_Training\new\lib\site-packages\django\contrib\contenttypes\locale\es\LC_MESSAGES\django.mo first seen with mtime 1743655955.8775077
2025-04-03 10:48:29,965 - DEBUG: File D:\Parasuram\Django_Training\new\lib\site-packages\django\contrib\contenttypes\locale\es_AR\LC_MESSAGES\django.mo first seen with mtime 1743655955.8795106
2025-04-03 10:48:29,965 - DEBUG: File D:\Parasuram\Django_Training\new\lib\site-packages\django\contrib\contenttypes\locale\es_CO\LC_MESSAGES\django.mo first seen with mtime 1743655955.8825085
2025-04-03 10:48:29,965 - DEBUG: File D:\Parasuram\Django_Training\new\lib\site-packages\django\contrib\contenttypes\locale\es_MX\LC_MESSAGES\django.mo first seen with mtime 1743655955.8845086
2025-04-03 10:48:29,965 - DEBUG: File D:\Parasuram\Django_Training\new\lib\site-packages\django\contrib\contenttypes\locale\es_VE\LC_MESSAGES\django.mo first seen with mtime 1743655955.8855076
2025-04-03 10:48:29,965 - DEBUG: File D:\Parasuram\Django_Training\new\lib\site-packages\django\contrib\contenttypes\locale\et\LC_MESSAGES\django.mo first seen with mtime 1743655955.8875098
2025-04-03 10:48:29,977 - DEBUG: File D:\Parasuram\Django_Training\new\lib\site-packages\django\contrib\contenttypes\locale\eu\LC_MESSAGES\django.mo first seen with mtime 1743655955.8885074
2025-04-03 10:48:29,977 - DEBUG: File D:\Parasuram\Django_Training\new\lib\site-packages\django\contrib\contenttypes\locale\fa\LC_MESSAGES\django.mo first seen with mtime 1743655955.8905082
2025-04-03 10:48:29,977 - DEBUG: File D:\Parasuram\Django_Training\new\lib\site-packages\django\contrib\contenttypes\locale\fi\LC_MESSAGES\django.mo first seen with mtime 1743655955.8927143
2025-04-03 10:48:29,977 - DEBUG: File D:\Parasuram\Django_Training\new\lib\site-packages\django\contrib\contenttypes\locale\fr\LC_MESSAGES\django.mo first seen with mtime 1743655955.8947172
2025-04-03 10:48:29,977 - DEBUG: File D:\Parasuram\Django_Training\new\lib\site-packages\django\contrib\contenttypes\locale\fy\LC_MESSAGES\django.mo first seen with mtime 1743655955.8967183
2025-04-03 10:48:29,977 - DEBUG: File D:\Parasuram\Django_Training\new\lib\site-packages\django\contrib\contenttypes\locale\ga\LC_MESSAGES\django.mo first seen with mtime 1743655955.8987179
2025-04-03 10:48:29,977 - DEBUG: File D:\Parasuram\Django_Training\new\lib\site-packages\django\contrib\contenttypes\locale\gd\LC_MESSAGES\django.mo first seen with mtime 1743655955.8997166
2025-04-03 10:48:29,977 - DEBUG: File D:\Parasuram\Django_Training\new\lib\site-packages\django\contrib\contenttypes\locale\gl\LC_MESSAGES\django.mo first seen with mtime 1743655955.9017146
2025-04-03 10:48:29,977 - DEBUG: File D:\Parasuram\Django_Training\new\lib\site-packages\django\contrib\contenttypes\locale\he\LC_MESSAGES\django.mo first seen with mtime 1743655955.903714
2025-04-03 10:48:29,977 - DEBUG: File D:\Parasuram\Django_Training\new\lib\site-packages\django\contrib\contenttypes\locale\hi\LC_MESSAGES\django.mo first seen with mtime 1743655955.9057148
2025-04-03 10:48:29,977 - DEBUG: File D:\Parasuram\Django_Training\new\lib\site-packages\django\contrib\contenttypes\locale\hr\LC_MESSAGES\django.mo first seen with mtime 1743655955.9072218
2025-04-03 10:48:29,977 - DEBUG: File D:\Parasuram\Django_Training\new\lib\site-packages\django\contrib\contenttypes\locale\hsb\LC_MESSAGES\django.mo first seen with mtime 1743655955.908229
2025-04-03 10:48:29,977 - DEBUG: File D:\Parasuram\Django_Training\new\lib\site-packages\django\contrib\contenttypes\locale\hu\LC_MESSAGES\django.mo first seen with mtime 1743655955.9102314
2025-04-03 10:48:29,977 - DEBUG: File D:\Parasuram\Django_Training\new\lib\site-packages\django\contrib\contenttypes\locale\hy\LC_MESSAGES\django.mo first seen with mtime 1743655955.9124348
2025-04-03 10:48:29,977 - DEBUG: File D:\Parasuram\Django_Training\new\lib\site-packages\django\contrib\contenttypes\locale\ia\LC_MESSAGES\django.mo first seen with mtime 1743655955.9144354
2025-04-03 10:48:29,977 - DEBUG: File D:\Parasuram\Django_Training\new\lib\site-packages\django\contrib\contenttypes\locale\id\LC_MESSAGES\django.mo first seen with mtime 1743655955.9164321
2025-04-03 10:48:29,977 - DEBUG: File D:\Parasuram\Django_Training\new\lib\site-packages\django\contrib\contenttypes\locale\io\LC_MESSAGES\django.mo first seen with mtime 1743655955.9184318
2025-04-03 10:48:29,977 - DEBUG: File D:\Parasuram\Django_Training\new\lib\site-packages\django\contrib\contenttypes\locale\is\LC_MESSAGES\django.mo first seen with mtime 1743655955.9194336
2025-04-03 10:48:29,977 - DEBUG: File D:\Parasuram\Django_Training\new\lib\site-packages\django\contrib\contenttypes\locale\it\LC_MESSAGES\django.mo first seen with mtime 1743655955.9214358
2025-04-03 10:48:29,977 - DEBUG: File D:\Parasuram\Django_Training\new\lib\site-packages\django\contrib\contenttypes\locale\ja\LC_MESSAGES\django.mo first seen with mtime 1743655955.922434
2025-04-03 10:48:29,977 - DEBUG: File D:\Parasuram\Django_Training\new\lib\site-packages\django\contrib\contenttypes\locale\ka\LC_MESSAGES\django.mo first seen with mtime 1743655955.925817
2025-04-03 10:48:29,977 - DEBUG: File D:\Parasuram\Django_Training\new\lib\site-packages\django\contrib\contenttypes\locale\kk\LC_MESSAGES\django.mo first seen with mtime 1743655955.9280653
2025-04-03 10:48:29,977 - DEBUG: File D:\Parasuram\Django_Training\new\lib\site-packages\django\contrib\contenttypes\locale\km\LC_MESSAGES\django.mo first seen with mtime 1743655955.9300678
2025-04-03 10:48:29,977 - DEBUG: File D:\Parasuram\Django_Training\new\lib\site-packages\django\contrib\contenttypes\locale\kn\LC_MESSAGES\django.mo first seen with mtime 1743655955.932239
2025-04-03 10:48:29,977 - DEBUG: File D:\Parasuram\Django_Training\new\lib\site-packages\django\contrib\contenttypes\locale\ko\LC_MESSAGES\django.mo first seen with mtime 1743655955.9342372
2025-04-03 10:48:29,977 - DEBUG: File D:\Parasuram\Django_Training\new\lib\site-packages\django\contrib\contenttypes\locale\lb\LC_MESSAGES\django.mo first seen with mtime 1743655955.936241
2025-04-03 10:48:29,977 - DEBUG: File D:\Parasuram\Django_Training\new\lib\site-packages\django\contrib\contenttypes\locale\lt\LC_MESSAGES\django.mo first seen with mtime 1743655955.9382386
2025-04-03 10:48:29,977 - DEBUG: File D:\Parasuram\Django_Training\new\lib\site-packages\django\contrib\contenttypes\locale\lv\LC_MESSAGES\django.mo first seen with mtime 1743655955.9402385
2025-04-03 10:48:29,977 - DEBUG: File D:\Parasuram\Django_Training\new\lib\site-packages\django\contrib\contenttypes\locale\mk\LC_MESSAGES\django.mo first seen with mtime 1743655955.9422386
2025-04-03 10:48:29,977 - DEBUG: File D:\Parasuram\Django_Training\new\lib\site-packages\django\contrib\contenttypes\locale\ml\LC_MESSAGES\django.mo first seen with mtime 1743655955.9442391
2025-04-03 10:48:29,977 - DEBUG: File D:\Parasuram\Django_Training\new\lib\site-packages\django\contrib\contenttypes\locale\mn\LC_MESSAGES\django.mo first seen with mtime 1743655955.9502387
2025-04-03 10:48:29,977 - DEBUG: File D:\Parasuram\Django_Training\new\lib\site-packages\django\contrib\contenttypes\locale\mr\LC_MESSAGES\django.mo first seen with mtime 1743655955.9519596
2025-04-03 10:48:29,977 - DEBUG: File D:\Parasuram\Django_Training\new\lib\site-packages\django\contrib\contenttypes\locale\my\LC_MESSAGES\django.mo first seen with mtime 1743655955.953966
2025-04-03 10:48:29,977 - DEBUG: File D:\Parasuram\Django_Training\new\lib\site-packages\django\contrib\contenttypes\locale\nb\LC_MESSAGES\django.mo first seen with mtime 1743655955.957273
2025-04-03 10:48:29,977 - DEBUG: File D:\Parasuram\Django_Training\new\lib\site-packages\django\contrib\contenttypes\locale\ne\LC_MESSAGES\django.mo first seen with mtime 1743655955.9592822
2025-04-03 10:48:29,977 - DEBUG: File D:\Parasuram\Django_Training\new\lib\site-packages\django\contrib\contenttypes\locale\nl\LC_MESSAGES\django.mo first seen with mtime 1743655955.9612806
2025-04-03 10:48:29,977 - DEBUG: File D:\Parasuram\Django_Training\new\lib\site-packages\django\contrib\contenttypes\locale\nn\LC_MESSAGES\django.mo first seen with mtime 1743655955.9652822
2025-04-03 10:48:29,977 - DEBUG: File D:\Parasuram\Django_Training\new\lib\site-packages\django\contrib\contenttypes\locale\os\LC_MESSAGES\django.mo first seen with mtime 1743655955.967281
2025-04-03 10:48:29,977 - DEBUG: File D:\Parasuram\Django_Training\new\lib\site-packages\django\contrib\contenttypes\locale\pa\LC_MESSAGES\django.mo first seen with mtime 1743655955.9692812
2025-04-03 10:48:29,977 - DEBUG: File D:\Parasuram\Django_Training\new\lib\site-packages\django\contrib\contenttypes\locale\pl\LC_MESSAGES\django.mo first seen with mtime 1743655955.9707496
2025-04-03 10:48:29,977 - DEBUG: File D:\Parasuram\Django_Training\new\lib\site-packages\django\contrib\contenttypes\locale\pt\LC_MESSAGES\django.mo first seen with mtime 1743655955.9729614
2025-04-03 10:48:29,977 - DEBUG: File D:\Parasuram\Django_Training\new\lib\site-packages\django\contrib\contenttypes\locale\pt_BR\LC_MESSAGES\django.mo first seen with mtime 1743655955.9749608
2025-04-03 10:48:29,977 - DEBUG: File D:\Parasuram\Django_Training\new\lib\site-packages\django\contrib\contenttypes\locale\ro\LC_MESSAGES\django.mo first seen with mtime 1743655955.97696
2025-04-03 10:48:29,977 - DEBUG: File D:\Parasuram\Django_Training\new\lib\site-packages\django\contrib\contenttypes\locale\ru\LC_MESSAGES\django.mo first seen with mtime 1743655955.9789636
2025-04-03 10:48:29,977 - DEBUG: File D:\Parasuram\Django_Training\new\lib\site-packages\django\contrib\contenttypes\locale\sk\LC_MESSAGES\django.mo first seen with mtime 1743655955.9809625
2025-04-03 10:48:29,977 - DEBUG: File D:\Parasuram\Django_Training\new\lib\site-packages\django\contrib\contenttypes\locale\sl\LC_MESSAGES\django.mo first seen with mtime 1743655955.9829586
2025-04-03 10:48:29,977 - DEBUG: File D:\Parasuram\Django_Training\new\lib\site-packages\django\contrib\contenttypes\locale\sq\LC_MESSAGES\django.mo first seen with mtime 1743655955.9849634
2025-04-03 10:48:29,977 - DEBUG: File D:\Parasuram\Django_Training\new\lib\site-packages\django\contrib\contenttypes\locale\sr\LC_MESSAGES\django.mo first seen with mtime 1743655955.9869602
2025-04-03 10:48:29,977 - DEBUG: File D:\Parasuram\Django_Training\new\lib\site-packages\django\contrib\contenttypes\locale\sr_Latn\LC_MESSAGES\django.mo first seen with mtime 1743655955.9889607
2025-04-03 10:48:29,977 - DEBUG: File D:\Parasuram\Django_Training\new\lib\site-packages\django\contrib\contenttypes\locale\sv\LC_MESSAGES\django.mo first seen with mtime 1743655955.9909604
2025-04-03 10:48:29,977 - DEBUG: File D:\Parasuram\Django_Training\new\lib\site-packages\django\contrib\contenttypes\locale\sw\LC_MESSAGES\django.mo first seen with mtime 1743655955.9929693
2025-04-03 10:48:29,977 - DEBUG: File D:\Parasuram\Django_Training\new\lib\site-packages\django\contrib\contenttypes\locale\ta\LC_MESSAGES\django.mo first seen with mtime 1743655955.9941435
2025-04-03 10:48:29,977 - DEBUG: File D:\Parasuram\Django_Training\new\lib\site-packages\django\contrib\contenttypes\locale\te\LC_MESSAGES\django.mo first seen with mtime 1743655955.9961445
2025-04-03 10:48:29,977 - DEBUG: File D:\Parasuram\Django_Training\new\lib\site-packages\django\contrib\contenttypes\locale\th\LC_MESSAGES\django.mo first seen with mtime 1743655955.998145
2025-04-03 10:48:29,977 - DEBUG: File D:\Parasuram\Django_Training\new\lib\site-packages\django\contrib\contenttypes\locale\tr\LC_MESSAGES\django.mo first seen with mtime 1743655956.0001426
2025-04-03 10:48:29,977 - DEBUG: File D:\Parasuram\Django_Training\new\lib\site-packages\django\contrib\contenttypes\locale\tt\LC_MESSAGES\django.mo first seen with mtime 1743655956.0021424
2025-04-03 10:48:29,977 - DEBUG: File D:\Parasuram\Django_Training\new\lib\site-packages\django\contrib\contenttypes\locale\udm\LC_MESSAGES\django.mo first seen with mtime 1743655956.0041459
2025-04-03 10:48:29,977 - DEBUG: File D:\Parasuram\Django_Training\new\lib\site-packages\django\contrib\contenttypes\locale\uk\LC_MESSAGES\django.mo first seen with mtime 1743655956.005141
2025-04-03 10:48:29,977 - DEBUG: File D:\Parasuram\Django_Training\new\lib\site-packages\django\contrib\contenttypes\locale\ur\LC_MESSAGES\django.mo first seen with mtime 1743655956.0066466
2025-04-03 10:48:29,977 - DEBUG: File D:\Parasuram\Django_Training\new\lib\site-packages\django\contrib\contenttypes\locale\vi\LC_MESSAGES\django.mo first seen with mtime 1743655956.0086534
2025-04-03 10:48:29,977 - DEBUG: File D:\Parasuram\Django_Training\new\lib\site-packages\django\contrib\contenttypes\locale\zh_Hans\LC_MESSAGES\django.mo first seen with mtime 1743655956.009653
2025-04-03 10:48:29,992 - DEBUG: File D:\Parasuram\Django_Training\new\lib\site-packages\django\contrib\contenttypes\locale\zh_Hant\LC_MESSAGES\django.mo first seen with mtime 1743655956.0118349
2025-04-03 10:48:29,992 - DEBUG: File D:\Parasuram\Django_Training\new\lib\site-packages\django\contrib\sessions\locale\af\LC_MESSAGES\django.mo first seen with mtime 1743655957.09142
2025-04-03 10:48:29,992 - DEBUG: File D:\Parasuram\Django_Training\new\lib\site-packages\django\contrib\sessions\locale\ar\LC_MESSAGES\django.mo first seen with mtime 1743655957.093429
2025-04-03 10:48:29,992 - DEBUG: File D:\Parasuram\Django_Training\new\lib\site-packages\django\contrib\sessions\locale\ast\LC_MESSAGES\django.mo first seen with mtime 1743655957.0964286
2025-04-03 10:48:29,992 - DEBUG: File D:\Parasuram\Django_Training\new\lib\site-packages\django\contrib\sessions\locale\az\LC_MESSAGES\django.mo first seen with mtime 1743655957.098429
2025-04-03 10:48:29,992 - DEBUG: File D:\Parasuram\Django_Training\new\lib\site-packages\django\contrib\sessions\locale\be\LC_MESSAGES\django.mo first seen with mtime 1743655957.100613
2025-04-03 10:48:29,992 - DEBUG: File D:\Parasuram\Django_Training\new\lib\site-packages\django\contrib\sessions\locale\bg\LC_MESSAGES\django.mo first seen with mtime 1743655957.102615
2025-04-03 10:48:29,992 - DEBUG: File D:\Parasuram\Django_Training\new\lib\site-packages\django\contrib\sessions\locale\bn\LC_MESSAGES\django.mo first seen with mtime 1743655957.1036148
2025-04-03 10:48:29,992 - DEBUG: File D:\Parasuram\Django_Training\new\lib\site-packages\django\contrib\sessions\locale\br\LC_MESSAGES\django.mo first seen with mtime 1743655957.1056144
2025-04-03 10:48:29,992 - DEBUG: File D:\Parasuram\Django_Training\new\lib\site-packages\django\contrib\sessions\locale\bs\LC_MESSAGES\django.mo first seen with mtime 1743655957.1081204
2025-04-03 10:48:29,992 - DEBUG: File D:\Parasuram\Django_Training\new\lib\site-packages\django\contrib\sessions\locale\ca\LC_MESSAGES\django.mo first seen with mtime 1743655957.1101308
2025-04-03 10:48:29,992 - DEBUG: File D:\Parasuram\Django_Training\new\lib\site-packages\django\contrib\sessions\locale\cs\LC_MESSAGES\django.mo first seen with mtime 1743655957.1131296
2025-04-03 10:48:29,992 - DEBUG: File D:\Parasuram\Django_Training\new\lib\site-packages\django\contrib\sessions\locale\cy\LC_MESSAGES\django.mo first seen with mtime 1743655957.1286378
2025-04-03 10:48:29,992 - DEBUG: File D:\Parasuram\Django_Training\new\lib\site-packages\django\contrib\sessions\locale\da\LC_MESSAGES\django.mo first seen with mtime 1743655957.1316414
2025-04-03 10:48:29,992 - DEBUG: File D:\Parasuram\Django_Training\new\lib\site-packages\django\contrib\sessions\locale\de\LC_MESSAGES\django.mo first seen with mtime 1743655957.135641
2025-04-03 10:48:29,992 - DEBUG: File D:\Parasuram\Django_Training\new\lib\site-packages\django\contrib\sessions\locale\dsb\LC_MESSAGES\django.mo first seen with mtime 1743655957.1376424
2025-04-03 10:48:29,992 - DEBUG: File D:\Parasuram\Django_Training\new\lib\site-packages\django\contrib\sessions\locale\el\LC_MESSAGES\django.mo first seen with mtime 1743655957.1396408
2025-04-03 10:48:29,992 - DEBUG: File D:\Parasuram\Django_Training\new\lib\site-packages\django\contrib\sessions\locale\en\LC_MESSAGES\django.mo first seen with mtime 1743655957.1406398
2025-04-03 10:48:29,992 - DEBUG: File D:\Parasuram\Django_Training\new\lib\site-packages\django\contrib\sessions\locale\en_AU\LC_MESSAGES\django.mo first seen with mtime 1743655957.1426404
2025-04-03 10:48:29,992 - DEBUG: File D:\Parasuram\Django_Training\new\lib\site-packages\django\contrib\sessions\locale\en_GB\LC_MESSAGES\django.mo first seen with mtime 1743655957.1446402
2025-04-03 10:48:29,992 - DEBUG: File D:\Parasuram\Django_Training\new\lib\site-packages\django\contrib\sessions\locale\eo\LC_MESSAGES\django.mo first seen with mtime 1743655957.1476421
2025-04-03 10:48:29,992 - DEBUG: File D:\Parasuram\Django_Training\new\lib\site-packages\django\contrib\sessions\locale\es\LC_MESSAGES\django.mo first seen with mtime 1743655957.1486435
2025-04-03 10:48:29,992 - DEBUG: File D:\Parasuram\Django_Training\new\lib\site-packages\django\contrib\sessions\locale\es_AR\LC_MESSAGES\django.mo first seen with mtime 1743655957.1506407
2025-04-03 10:48:29,992 - DEBUG: File D:\Parasuram\Django_Training\new\lib\site-packages\django\contrib\sessions\locale\es_CO\LC_MESSAGES\django.mo first seen with mtime 1743655957.1527264
2025-04-03 10:48:29,992 - DEBUG: File D:\Parasuram\Django_Training\new\lib\site-packages\django\contrib\sessions\locale\es_MX\LC_MESSAGES\django.mo first seen with mtime 1743655957.154828
2025-04-03 10:48:29,992 - DEBUG: File D:\Parasuram\Django_Training\new\lib\site-packages\django\contrib\sessions\locale\es_VE\LC_MESSAGES\django.mo first seen with mtime 1743655957.155827
2025-04-03 10:48:29,992 - DEBUG: File D:\Parasuram\Django_Training\new\lib\site-packages\django\contrib\sessions\locale\et\LC_MESSAGES\django.mo first seen with mtime 1743655957.1578271
2025-04-03 10:48:29,992 - DEBUG: File D:\Parasuram\Django_Training\new\lib\site-packages\django\contrib\sessions\locale\eu\LC_MESSAGES\django.mo first seen with mtime 1743655957.1603215
2025-04-03 10:48:29,992 - DEBUG: File D:\Parasuram\Django_Training\new\lib\site-packages\django\contrib\sessions\locale\fa\LC_MESSAGES\django.mo first seen with mtime 1743655957.1643224
2025-04-03 10:48:29,992 - DEBUG: File D:\Parasuram\Django_Training\new\lib\site-packages\django\contrib\sessions\locale\fi\LC_MESSAGES\django.mo first seen with mtime 1743655957.165323
2025-04-03 10:48:29,992 - DEBUG: File D:\Parasuram\Django_Training\new\lib\site-packages\django\contrib\sessions\locale\fr\LC_MESSAGES\django.mo first seen with mtime 1743655957.1703207
2025-04-03 10:48:29,992 - DEBUG: File D:\Parasuram\Django_Training\new\lib\site-packages\django\contrib\sessions\locale\fy\LC_MESSAGES\django.mo first seen with mtime 1743655957.1803231
2025-04-03 10:48:29,992 - DEBUG: File D:\Parasuram\Django_Training\new\lib\site-packages\django\contrib\sessions\locale\ga\LC_MESSAGES\django.mo first seen with mtime 1743655957.1863217
2025-04-03 10:48:29,992 - DEBUG: File D:\Parasuram\Django_Training\new\lib\site-packages\django\contrib\sessions\locale\gd\LC_MESSAGES\django.mo first seen with mtime 1743655957.1883214
2025-04-03 10:48:29,992 - DEBUG: File D:\Parasuram\Django_Training\new\lib\site-packages\django\contrib\sessions\locale\gl\LC_MESSAGES\django.mo first seen with mtime 1743655957.1901588
2025-04-03 10:48:29,992 - DEBUG: File D:\Parasuram\Django_Training\new\lib\site-packages\django\contrib\sessions\locale\he\LC_MESSAGES\django.mo first seen with mtime 1743655957.1921597
2025-04-03 10:48:29,992 - DEBUG: File D:\Parasuram\Django_Training\new\lib\site-packages\django\contrib\sessions\locale\hi\LC_MESSAGES\django.mo first seen with mtime 1743655957.1941698
2025-04-03 10:48:29,992 - DEBUG: File D:\Parasuram\Django_Training\new\lib\site-packages\django\contrib\sessions\locale\hr\LC_MESSAGES\django.mo first seen with mtime 1743655957.1971722
2025-04-03 10:48:29,992 - DEBUG: File D:\Parasuram\Django_Training\new\lib\site-packages\django\contrib\sessions\locale\hsb\LC_MESSAGES\django.mo first seen with mtime 1743655957.1991699
2025-04-03 10:48:29,992 - DEBUG: File D:\Parasuram\Django_Training\new\lib\site-packages\django\contrib\sessions\locale\hu\LC_MESSAGES\django.mo first seen with mtime 1743655957.2011707
2025-04-03 10:48:29,992 - DEBUG: File D:\Parasuram\Django_Training\new\lib\site-packages\django\contrib\sessions\locale\hy\LC_MESSAGES\django.mo first seen with mtime 1743655957.203169
2025-04-03 10:48:29,992 - DEBUG: File D:\Parasuram\Django_Training\new\lib\site-packages\django\contrib\sessions\locale\ia\LC_MESSAGES\django.mo first seen with mtime 1743655957.20517
2025-04-03 10:48:29,992 - DEBUG: File D:\Parasuram\Django_Training\new\lib\site-packages\django\contrib\sessions\locale\id\LC_MESSAGES\django.mo first seen with mtime 1743655957.2061698
2025-04-03 10:48:29,992 - DEBUG: File D:\Parasuram\Django_Training\new\lib\site-packages\django\contrib\sessions\locale\io\LC_MESSAGES\django.mo first seen with mtime 1743655957.2084653
2025-04-03 10:48:29,992 - DEBUG: File D:\Parasuram\Django_Training\new\lib\site-packages\django\contrib\sessions\locale\is\LC_MESSAGES\django.mo first seen with mtime 1743655957.2104652
2025-04-03 10:48:29,992 - DEBUG: File D:\Parasuram\Django_Training\new\lib\site-packages\django\contrib\sessions\locale\it\LC_MESSAGES\django.mo first seen with mtime 1743655957.2134676
2025-04-03 10:48:29,992 - DEBUG: File D:\Parasuram\Django_Training\new\lib\site-packages\django\contrib\sessions\locale\ja\LC_MESSAGES\django.mo first seen with mtime 1743655957.2154665
2025-04-03 10:48:29,992 - DEBUG: File D:\Parasuram\Django_Training\new\lib\site-packages\django\contrib\sessions\locale\ka\LC_MESSAGES\django.mo first seen with mtime 1743655957.2174654
2025-04-03 10:48:29,992 - DEBUG: File D:\Parasuram\Django_Training\new\lib\site-packages\django\contrib\sessions\locale\kab\LC_MESSAGES\django.mo first seen with mtime 1743655957.2242484
2025-04-03 10:48:29,992 - DEBUG: File D:\Parasuram\Django_Training\new\lib\site-packages\django\contrib\sessions\locale\kk\LC_MESSAGES\django.mo first seen with mtime 1743655957.225248
2025-04-03 10:48:29,992 - DEBUG: File D:\Parasuram\Django_Training\new\lib\site-packages\django\contrib\sessions\locale\km\LC_MESSAGES\django.mo first seen with mtime 1743655957.2272456
2025-04-03 10:48:29,992 - DEBUG: File D:\Parasuram\Django_Training\new\lib\site-packages\django\contrib\sessions\locale\kn\LC_MESSAGES\django.mo first seen with mtime 1743655957.231253
2025-04-03 10:48:29,992 - DEBUG: File D:\Parasuram\Django_Training\new\lib\site-packages\django\contrib\sessions\locale\ko\LC_MESSAGES\django.mo first seen with mtime 1743655957.2332501
2025-04-03 10:48:29,992 - DEBUG: File D:\Parasuram\Django_Training\new\lib\site-packages\django\contrib\sessions\locale\lb\LC_MESSAGES\django.mo first seen with mtime 1743655957.2352476
2025-04-03 10:48:29,992 - DEBUG: File D:\Parasuram\Django_Training\new\lib\site-packages\django\contrib\sessions\locale\lt\LC_MESSAGES\django.mo first seen with mtime 1743655957.2372496
2025-04-03 10:48:29,992 - DEBUG: File D:\Parasuram\Django_Training\new\lib\site-packages\django\contrib\sessions\locale\lv\LC_MESSAGES\django.mo first seen with mtime 1743655957.2382483
2025-04-03 10:48:29,992 - DEBUG: File D:\Parasuram\Django_Training\new\lib\site-packages\django\contrib\sessions\locale\mk\LC_MESSAGES\django.mo first seen with mtime 1743655957.2404356
2025-04-03 10:48:29,992 - DEBUG: File D:\Parasuram\Django_Training\new\lib\site-packages\django\contrib\sessions\locale\ml\LC_MESSAGES\django.mo first seen with mtime 1743655957.2424364
2025-04-03 10:48:29,992 - DEBUG: File D:\Parasuram\Django_Training\new\lib\site-packages\django\contrib\sessions\locale\mn\LC_MESSAGES\django.mo first seen with mtime 1743655957.2434342
2025-04-03 10:48:29,992 - DEBUG: File D:\Parasuram\Django_Training\new\lib\site-packages\django\contrib\sessions\locale\mr\LC_MESSAGES\django.mo first seen with mtime 1743655957.2454383
2025-04-03 10:48:29,992 - DEBUG: File D:\Parasuram\Django_Training\new\lib\site-packages\django\contrib\sessions\locale\my\LC_MESSAGES\django.mo first seen with mtime 1743655957.247438
2025-04-03 10:48:30,008 - DEBUG: File D:\Parasuram\Django_Training\new\lib\site-packages\django\contrib\sessions\locale\nb\LC_MESSAGES\django.mo first seen with mtime 1743655957.249436
2025-04-03 10:48:30,008 - DEBUG: File D:\Parasuram\Django_Training\new\lib\site-packages\django\contrib\sessions\locale\ne\LC_MESSAGES\django.mo first seen with mtime 1743655957.251436
2025-04-03 10:48:30,008 - DEBUG: File D:\Parasuram\Django_Training\new\lib\site-packages\django\contrib\sessions\locale\nl\LC_MESSAGES\django.mo first seen with mtime 1743655957.2524366
2025-04-03 10:48:30,008 - DEBUG: File D:\Parasuram\Django_Training\new\lib\site-packages\django\contrib\sessions\locale\nn\LC_MESSAGES\django.mo first seen with mtime 1743655957.2544348
2025-04-03 10:48:30,008 - DEBUG: File D:\Parasuram\Django_Training\new\lib\site-packages\django\contrib\sessions\locale\os\LC_MESSAGES\django.mo first seen with mtime 1743655957.2564366
2025-04-03 10:48:30,008 - DEBUG: File D:\Parasuram\Django_Training\new\lib\site-packages\django\contrib\sessions\locale\pa\LC_MESSAGES\django.mo first seen with mtime 1743655957.2616231
2025-04-03 10:48:30,008 - DEBUG: File D:\Parasuram\Django_Training\new\lib\site-packages\django\contrib\sessions\locale\pl\LC_MESSAGES\django.mo first seen with mtime 1743655957.264616
2025-04-03 10:48:30,008 - DEBUG: File D:\Parasuram\Django_Training\new\lib\site-packages\django\contrib\sessions\locale\pt\LC_MESSAGES\django.mo first seen with mtime 1743655957.2666163
2025-04-03 10:48:30,008 - DEBUG: File D:\Parasuram\Django_Training\new\lib\site-packages\django\contrib\sessions\locale\pt_BR\LC_MESSAGES\django.mo first seen with mtime 1743655957.269617
2025-04-03 10:48:30,008 - DEBUG: File D:\Parasuram\Django_Training\new\lib\site-packages\django\contrib\sessions\locale\ro\LC_MESSAGES\django.mo first seen with mtime 1743655957.2716186
2025-04-03 10:48:30,008 - DEBUG: File D:\Parasuram\Django_Training\new\lib\site-packages\django\contrib\sessions\locale\ru\LC_MESSAGES\django.mo first seen with mtime 1743655957.2736173
2025-04-03 10:48:30,008 - DEBUG: File D:\Parasuram\Django_Training\new\lib\site-packages\django\contrib\sessions\locale\sk\LC_MESSAGES\django.mo first seen with mtime 1743655957.2756195
2025-04-03 10:48:30,008 - DEBUG: File D:\Parasuram\Django_Training\new\lib\site-packages\django\contrib\sessions\locale\sl\LC_MESSAGES\django.mo first seen with mtime 1743655957.2776172
2025-04-03 10:48:30,008 - DEBUG: File D:\Parasuram\Django_Training\new\lib\site-packages\django\contrib\sessions\locale\sq\LC_MESSAGES\django.mo first seen with mtime 1743655957.2806182
2025-04-03 10:48:30,008 - DEBUG: File D:\Parasuram\Django_Training\new\lib\site-packages\django\contrib\sessions\locale\sr\LC_MESSAGES\django.mo first seen with mtime 1743655957.2820432
2025-04-03 10:48:30,008 - DEBUG: File D:\Parasuram\Django_Training\new\lib\site-packages\django\contrib\sessions\locale\sr_Latn\LC_MESSAGES\django.mo first seen with mtime 1743655957.2840512
2025-04-03 10:48:30,008 - DEBUG: File D:\Parasuram\Django_Training\new\lib\site-packages\django\contrib\sessions\locale\sv\LC_MESSAGES\django.mo first seen with mtime 1743655957.2860608
2025-04-03 10:48:30,008 - DEBUG: File D:\Parasuram\Django_Training\new\lib\site-packages\django\contrib\sessions\locale\sw\LC_MESSAGES\django.mo first seen with mtime 1743655957.2891757
2025-04-03 10:48:30,008 - DEBUG: File D:\Parasuram\Django_Training\new\lib\site-packages\django\contrib\sessions\locale\ta\LC_MESSAGES\django.mo first seen with mtime 1743655957.2901852
2025-04-03 10:48:30,008 - DEBUG: File D:\Parasuram\Django_Training\new\lib\site-packages\django\contrib\sessions\locale\te\LC_MESSAGES\django.mo first seen with mtime 1743655957.293197
2025-04-03 10:48:30,008 - DEBUG: File D:\Parasuram\Django_Training\new\lib\site-packages\django\contrib\sessions\locale\th\LC_MESSAGES\django.mo first seen with mtime 1743655957.2951956
2025-04-03 10:48:30,008 - DEBUG: File D:\Parasuram\Django_Training\new\lib\site-packages\django\contrib\sessions\locale\tr\LC_MESSAGES\django.mo first seen with mtime 1743655957.2991972
2025-04-03 10:48:30,008 - DEBUG: File D:\Parasuram\Django_Training\new\lib\site-packages\django\contrib\sessions\locale\tt\LC_MESSAGES\django.mo first seen with mtime 1743655957.3077016
2025-04-03 10:48:30,008 - DEBUG: File D:\Parasuram\Django_Training\new\lib\site-packages\django\contrib\sessions\locale\udm\LC_MESSAGES\django.mo first seen with mtime 1743655957.3095407
2025-04-03 10:48:30,008 - DEBUG: File D:\Parasuram\Django_Training\new\lib\site-packages\django\contrib\sessions\locale\uk\LC_MESSAGES\django.mo first seen with mtime 1743655957.3118358
2025-04-03 10:48:30,008 - DEBUG: File D:\Parasuram\Django_Training\new\lib\site-packages\django\contrib\sessions\locale\ur\LC_MESSAGES\django.mo first seen with mtime 1743655957.3138375
2025-04-03 10:48:30,008 - DEBUG: File D:\Parasuram\Django_Training\new\lib\site-packages\django\contrib\sessions\locale\uz\LC_MESSAGES\django.mo first seen with mtime 1743655957.3158357
2025-04-03 10:48:30,008 - DEBUG: File D:\Parasuram\Django_Training\new\lib\site-packages\django\contrib\sessions\locale\vi\LC_MESSAGES\django.mo first seen with mtime 1743655957.3178358
2025-04-03 10:48:30,008 - DEBUG: File D:\Parasuram\Django_Training\new\lib\site-packages\django\contrib\sessions\locale\zh_Hans\LC_MESSAGES\django.mo first seen with mtime 1743655957.319536
2025-04-03 10:48:30,008 - DEBUG: File D:\Parasuram\Django_Training\new\lib\site-packages\django\contrib\sessions\locale\zh_Hant\LC_MESSAGES\django.mo first seen with mtime 1743655957.3217912
2025-04-03 10:48:30,008 - DEBUG: File D:\Parasuram\Django_Training\new\lib\site-packages\rest_framework\locale\ach\LC_MESSAGES\django.mo first seen with mtime 1743656084.0877097
2025-04-03 10:48:30,008 - DEBUG: File D:\Parasuram\Django_Training\new\lib\site-packages\rest_framework\locale\ar\LC_MESSAGES\django.mo first seen with mtime 1743656084.088711
2025-04-03 10:48:30,008 - DEBUG: File D:\Parasuram\Django_Training\new\lib\site-packages\rest_framework\locale\be\LC_MESSAGES\django.mo first seen with mtime 1743656084.088711
2025-04-03 10:48:30,008 - DEBUG: File D:\Parasuram\Django_Training\new\lib\site-packages\rest_framework\locale\ca\LC_MESSAGES\django.mo first seen with mtime 1743656084.0897107
2025-04-03 10:48:30,008 - DEBUG: File D:\Parasuram\Django_Training\new\lib\site-packages\rest_framework\locale\ca_ES\LC_MESSAGES\django.mo first seen with mtime 1743656084.09071
2025-04-03 10:48:30,008 - DEBUG: File D:\Parasuram\Django_Training\new\lib\site-packages\rest_framework\locale\cs\LC_MESSAGES\django.mo first seen with mtime 1743656084.0917106
2025-04-03 10:48:30,008 - DEBUG: File D:\Parasuram\Django_Training\new\lib\site-packages\rest_framework\locale\da\LC_MESSAGES\django.mo first seen with mtime 1743656084.092712
2025-04-03 10:48:30,008 - DEBUG: File D:\Parasuram\Django_Training\new\lib\site-packages\rest_framework\locale\de\LC_MESSAGES\django.mo first seen with mtime 1743656084.09371
2025-04-03 10:48:30,008 - DEBUG: File D:\Parasuram\Django_Training\new\lib\site-packages\rest_framework\locale\el\LC_MESSAGES\django.mo first seen with mtime 1743656084.0960014
2025-04-03 10:48:30,008 - DEBUG: File D:\Parasuram\Django_Training\new\lib\site-packages\rest_framework\locale\el_GR\LC_MESSAGES\django.mo first seen with mtime 1743656084.0970018
2025-04-03 10:48:30,008 - DEBUG: File D:\Parasuram\Django_Training\new\lib\site-packages\rest_framework\locale\en\LC_MESSAGES\django.mo first seen with mtime 1743656084.0979977
2025-04-03 10:48:30,008 - DEBUG: File D:\Parasuram\Django_Training\new\lib\site-packages\rest_framework\locale\en_AU\LC_MESSAGES\django.mo first seen with mtime 1743656084.0979977
2025-04-03 10:48:30,008 - DEBUG: File D:\Parasuram\Django_Training\new\lib\site-packages\rest_framework\locale\en_CA\LC_MESSAGES\django.mo first seen with mtime 1743656084.0990012
2025-04-03 10:48:30,008 - DEBUG: File D:\Parasuram\Django_Training\new\lib\site-packages\rest_framework\locale\en_US\LC_MESSAGES\django.mo first seen with mtime 1743656084.0999985
2025-04-03 10:48:30,008 - DEBUG: File D:\Parasuram\Django_Training\new\lib\site-packages\rest_framework\locale\es\LC_MESSAGES\django.mo first seen with mtime 1743656084.1010013
2025-04-03 10:48:30,008 - DEBUG: File D:\Parasuram\Django_Training\new\lib\site-packages\rest_framework\locale\et\LC_MESSAGES\django.mo first seen with mtime 1743656084.1020017
2025-04-03 10:48:30,008 - DEBUG: File D:\Parasuram\Django_Training\new\lib\site-packages\rest_framework\locale\fa\LC_MESSAGES\django.mo first seen with mtime 1743656084.1020017
2025-04-03 10:48:30,008 - DEBUG: File D:\Parasuram\Django_Training\new\lib\site-packages\rest_framework\locale\fa_IR\LC_MESSAGES\django.mo first seen with mtime 1743656084.1029994
2025-04-03 10:48:30,008 - DEBUG: File D:\Parasuram\Django_Training\new\lib\site-packages\rest_framework\locale\fi\LC_MESSAGES\django.mo first seen with mtime 1743656084.1040003
2025-04-03 10:48:30,008 - DEBUG: File D:\Parasuram\Django_Training\new\lib\site-packages\rest_framework\locale\fr\LC_MESSAGES\django.mo first seen with mtime 1743656084.1040003
2025-04-03 10:48:30,008 - DEBUG: File D:\Parasuram\Django_Training\new\lib\site-packages\rest_framework\locale\fr_CA\LC_MESSAGES\django.mo first seen with mtime 1743656084.1049974
2025-04-03 10:48:30,008 - DEBUG: File D:\Parasuram\Django_Training\new\lib\site-packages\rest_framework\locale\gl\LC_MESSAGES\django.mo first seen with mtime 1743656084.1049974
2025-04-03 10:48:30,008 - DEBUG: File D:\Parasuram\Django_Training\new\lib\site-packages\rest_framework\locale\gl_ES\LC_MESSAGES\django.mo first seen with mtime 1743656084.105997
2025-04-03 10:48:30,008 - DEBUG: File D:\Parasuram\Django_Training\new\lib\site-packages\rest_framework\locale\he_IL\LC_MESSAGES\django.mo first seen with mtime 1743656084.1069977
2025-04-03 10:48:30,008 - DEBUG: File D:\Parasuram\Django_Training\new\lib\site-packages\rest_framework\locale\hu\LC_MESSAGES\django.mo first seen with mtime 1743656084.1069977
2025-04-03 10:48:30,008 - DEBUG: File D:\Parasuram\Django_Training\new\lib\site-packages\rest_framework\locale\id\LC_MESSAGES\django.mo first seen with mtime 1743656084.1080005
2025-04-03 10:48:30,008 - DEBUG: File D:\Parasuram\Django_Training\new\lib\site-packages\rest_framework\locale\it\LC_MESSAGES\django.mo first seen with mtime 1743656084.109
2025-04-03 10:48:30,008 - DEBUG: File D:\Parasuram\Django_Training\new\lib\site-packages\rest_framework\locale\ja\LC_MESSAGES\django.mo first seen with mtime 1743656084.109999
2025-04-03 10:48:30,008 - DEBUG: File D:\Parasuram\Django_Training\new\lib\site-packages\rest_framework\locale\ko_KR\LC_MESSAGES\django.mo first seen with mtime 1743656084.1110017
2025-04-03 10:48:30,008 - DEBUG: File D:\Parasuram\Django_Training\new\lib\site-packages\rest_framework\locale\lv\LC_MESSAGES\django.mo first seen with mtime 1743656084.1119995
2025-04-03 10:48:30,024 - DEBUG: File D:\Parasuram\Django_Training\new\lib\site-packages\rest_framework\locale\mk\LC_MESSAGES\django.mo first seen with mtime 1743656084.1129994
2025-04-03 10:48:30,024 - DEBUG: File D:\Parasuram\Django_Training\new\lib\site-packages\rest_framework\locale\nb\LC_MESSAGES\django.mo first seen with mtime 1743656084.1139982
2025-04-03 10:48:30,024 - DEBUG: File D:\Parasuram\Django_Training\new\lib\site-packages\rest_framework\locale\nl\LC_MESSAGES\django.mo first seen with mtime 1743656084.1151903
2025-04-03 10:48:30,024 - DEBUG: File D:\Parasuram\Django_Training\new\lib\site-packages\rest_framework\locale\nn\LC_MESSAGES\django.mo first seen with mtime 1743656084.1151903
2025-04-03 10:48:30,024 - DEBUG: File D:\Parasuram\Django_Training\new\lib\site-packages\rest_framework\locale\no\LC_MESSAGES\django.mo first seen with mtime 1743656084.1161883
2025-04-03 10:48:30,024 - DEBUG: File D:\Parasuram\Django_Training\new\lib\site-packages\rest_framework\locale\pl\LC_MESSAGES\django.mo first seen with mtime 1743656084.117188
2025-04-03 10:48:30,024 - DEBUG: File D:\Parasuram\Django_Training\new\lib\site-packages\rest_framework\locale\pt\LC_MESSAGES\django.mo first seen with mtime 1743656084.117188
2025-04-03 10:48:30,024 - DEBUG: File D:\Parasuram\Django_Training\new\lib\site-packages\rest_framework\locale\pt_BR\LC_MESSAGES\django.mo first seen with mtime 1743656084.1181903
2025-04-03 10:48:30,024 - DEBUG: File D:\Parasuram\Django_Training\new\lib\site-packages\rest_framework\locale\pt_PT\LC_MESSAGES\django.mo first seen with mtime 1743656084.1191907
2025-04-03 10:48:30,024 - DEBUG: File D:\Parasuram\Django_Training\new\lib\site-packages\rest_framework\locale\ro\LC_MESSAGES\django.mo first seen with mtime 1743656084.1191907
2025-04-03 10:48:30,024 - DEBUG: File D:\Parasuram\Django_Training\new\lib\site-packages\rest_framework\locale\ru\LC_MESSAGES\django.mo first seen with mtime 1743656084.1201885
2025-04-03 10:48:30,024 - DEBUG: File D:\Parasuram\Django_Training\new\lib\site-packages\rest_framework\locale\sk\LC_MESSAGES\django.mo first seen with mtime 1743656084.121189
2025-04-03 10:48:30,024 - DEBUG: File D:\Parasuram\Django_Training\new\lib\site-packages\rest_framework\locale\sl\LC_MESSAGES\django.mo first seen with mtime 1743656084.121189
2025-04-03 10:48:30,024 - DEBUG: File D:\Parasuram\Django_Training\new\lib\site-packages\rest_framework\locale\sv\LC_MESSAGES\django.mo first seen with mtime 1743656084.1221886
2025-04-03 10:48:30,024 - DEBUG: File D:\Parasuram\Django_Training\new\lib\site-packages\rest_framework\locale\tr\LC_MESSAGES\django.mo first seen with mtime 1743656084.1231887
2025-04-03 10:48:30,024 - DEBUG: File D:\Parasuram\Django_Training\new\lib\site-packages\rest_framework\locale\tr_TR\LC_MESSAGES\django.mo first seen with mtime 1743656084.124191
2025-04-03 10:48:30,024 - DEBUG: File D:\Parasuram\Django_Training\new\lib\site-packages\rest_framework\locale\uk\LC_MESSAGES\django.mo first seen with mtime 1743656084.1251917
2025-04-03 10:48:30,024 - DEBUG: File D:\Parasuram\Django_Training\new\lib\site-packages\rest_framework\locale\vi\LC_MESSAGES\django.mo first seen with mtime 1743656084.1251917
2025-04-03 10:48:30,024 - DEBUG: File D:\Parasuram\Django_Training\new\lib\site-packages\rest_framework\locale\zh_CN\LC_MESSAGES\django.mo first seen with mtime 1743656084.126191
2025-04-03 10:48:30,024 - DEBUG: File D:\Parasuram\Django_Training\new\lib\site-packages\rest_framework\locale\zh_Hans\LC_MESSAGES\django.mo first seen with mtime 1743656084.127191
2025-04-03 10:48:30,024 - DEBUG: File D:\Parasuram\Django_Training\new\lib\site-packages\rest_framework\locale\zh_Hant\LC_MESSAGES\django.mo first seen with mtime 1743656084.127191
2025-04-03 10:48:30,024 - DEBUG: File D:\Parasuram\Django_Training\new\lib\site-packages\rest_framework\locale\zh_TW\LC_MESSAGES\django.mo first seen with mtime 1743656084.12819
2025-04-03 10:48:31,114 - DEBUG: File D:\Parasuram\Django_Training\new\Lib\site-packages\django\contrib\messages\middleware.py first seen with mtime 1743655956.701128
2025-04-03 10:48:31,114 - DEBUG: File D:\Parasuram\Django_Training\new\Lib\site-packages\django\contrib\admin\templatetags\admin_modify.py first seen with mtime 1743655955.4047725
2025-04-03 10:48:31,114 - DEBUG: File D:\Parasuram\Django_Training\new\Lib\site-packages\django\contrib\sessions\backends\db.py first seen with mtime 1743655957.0884216
2025-04-03 10:48:31,114 - DEBUG: File D:\Parasuram\Django_Training\new\Lib\site-packages\django\contrib\admin\views\main.py first seen with mtime 1743655955.41048
2025-04-03 10:48:31,114 - DEBUG: File D:\Parasuram\Django_Training\new\Lib\site-packages\django\middleware\security.py first seen with mtime 1743655957.778616
2025-04-03 10:48:31,114 - DEBUG: File D:\Parasuram\Django_Training\new\Lib\site-packages\django\contrib\contenttypes\migrations\__init__.py first seen with mtime 1743655956.0168338
2025-04-03 10:48:31,114 - DEBUG: File D:\Parasuram\Django_Training\new\Lib\site-packages\django\contrib\auth\migrations\0008_alter_user_username_max_length.py first seen with mtime 1743655955.8253505
2025-04-03 10:48:31,114 - DEBUG: File D:\Parasuram\Django_Training\logging\DJANGO-LOGGING\pylog\migrations\__init__.py first seen with mtime 1743657043.978476
2025-04-03 10:48:31,114 - DEBUG: File D:\Parasuram\Django_Training\new\Lib\site-packages\django\contrib\sessions\backends\__init__.py first seen with mtime 1743655957.0854206
2025-04-03 10:48:31,130 - DEBUG: File D:\Parasuram\Django_Training\new\Lib\site-packages\django\contrib\contenttypes\migrations\0002_remove_content_type_name.py first seen with mtime 1743655956.0168338
2025-04-03 10:48:31,130 - DEBUG: File D:\Parasuram\Django_Training\new\Lib\site-packages\django\contrib\auth\migrations\0009_alter_user_last_name_max_length.py first seen with mtime 1743655955.8263526
2025-04-03 10:48:31,130 - DEBUG: File D:\Parasuram\Django_Training\new\Lib\site-packages\django\contrib\auth\migrations\0001_initial.py first seen with mtime 1743655955.8213496
2025-04-03 10:48:31,131 - DEBUG: File D:\Parasuram\Django_Training\new\Lib\site-packages\django\contrib\auth\migrations\0003_alter_user_email_max_length.py first seen with mtime 1743655955.8223515
2025-04-03 10:48:31,131 - DEBUG: File D:\Parasuram\Django_Training\new\Lib\site-packages\django\middleware\clickjacking.py first seen with mtime 1743655957.774614
2025-04-03 10:48:31,131 - DEBUG: File D:\Parasuram\Django_Training\new\Lib\site-packages\django\contrib\admin\templatetags\log.py first seen with mtime 1743655955.4072948
2025-04-03 10:48:31,131 - DEBUG: File D:\Parasuram\Django_Training\new\Lib\site-packages\django\contrib\auth\backends.py first seen with mtime 1743655955.5626435
2025-04-03 10:48:31,131 - DEBUG: File D:\Parasuram\Django_Training\new\Lib\site-packages\django\contrib\admin\migrations\0003_logentry_add_action_flag_choices.py first seen with mtime 1743655955.2707107
2025-04-03 10:48:31,131 - DEBUG: File D:\Parasuram\Django_Training\new\Lib\site-packages\django\contrib\sessions\exceptions.py first seen with mtime 1743655957.082419
2025-04-03 10:48:31,131 - DEBUG: File D:\Parasuram\Django_Training\new\Lib\site-packages\django\templatetags\cache.py first seen with mtime 1743655957.802381
2025-04-03 10:48:31,131 - DEBUG: File D:\Parasuram\Django_Training\new\Lib\site-packages\django\contrib\admin\templatetags\base.py first seen with mtime 1743655955.4072948
2025-04-03 10:48:31,131 - DEBUG: File D:\Parasuram\Django_Training\new\Lib\site-packages\django\contrib\auth\migrations\0002_alter_permission_name_max_length.py first seen with mtime 1743655955.8223515
2025-04-03 10:48:31,131 - DEBUG: File D:\Parasuram\Django_Training\new\Lib\site-packages\django\db\migrations\recorder.py first seen with mtime 1743655957.670061
2025-04-03 10:48:31,131 - DEBUG: File D:\Parasuram\Django_Training\new\Lib\site-packages\django\contrib\admin\migrations\0001_initial.py first seen with mtime 1743655955.2697124
2025-04-03 10:48:31,131 - DEBUG: File D:\Parasuram\Django_Training\new\Lib\site-packages\django\contrib\auth\migrations\__init__.py first seen with mtime 1743655955.827349
2025-04-03 10:48:31,131 - DEBUG: File D:\Parasuram\Django_Training\new\Lib\site-packages\django\contrib\admin\templatetags\admin_list.py first seen with mtime 1743655955.4047725
2025-04-03 10:48:31,131 - DEBUG: File D:\Parasuram\Django_Training\new\Lib\site-packages\django\contrib\admin\migrations\0002_logentry_remove_auto_add.py first seen with mtime 1743655955.2697124
2025-04-03 10:48:31,131 - DEBUG: File D:\Parasuram\Django_Training\new\Lib\site-packages\django\contrib\auth\migrations\0007_alter_validators_add_error_messages.py first seen with mtime 1743655955.8253505
2025-04-03 10:48:31,131 - DEBUG: File D:\Parasuram\Django_Training\new\Lib\site-packages\rest_framework\templatetags\rest_framework.py first seen with mtime 1743656084.1863117
2025-04-03 10:48:31,131 - DEBUG: File D:\Parasuram\Django_Training\new\Lib\site-packages\django\templatetags\l10n.py first seen with mtime 1743655957.82987
2025-04-03 10:48:31,131 - DEBUG: File D:\Parasuram\Django_Training\new\Lib\site-packages\django\contrib\sessions\migrations\0001_initial.py first seen with mtime 1743655957.3247914
2025-04-03 10:48:31,131 - DEBUG: File D:\Parasuram\Django_Training\new\Lib\site-packages\django\core\cache\utils.py first seen with mtime 1743655957.549065
2025-04-03 10:48:31,131 - DEBUG: File D:\Parasuram\Django_Training\new\Lib\site-packages\django\middleware\common.py first seen with mtime 1743655957.7756143
2025-04-03 10:48:31,131 - DEBUG: File D:\Parasuram\Django_Training\new\Lib\site-packages\django\contrib\auth\migrations\0004_alter_user_username_opts.py first seen with mtime 1743655955.8233516
2025-04-03 10:48:31,131 - DEBUG: File D:\Parasuram\Django_Training\new\Lib\site-packages\rest_framework\templatetags\__init__.py first seen with mtime 1743656084.1853056
2025-04-03 10:48:31,131 - DEBUG: File D:\Parasuram\Django_Training\new\Lib\site-packages\django\contrib\auth\migrations\0011_update_proxy_permissions.py first seen with mtime 1743655955.827349
2025-04-03 10:48:31,131 - DEBUG: File D:\Parasuram\Django_Training\new\Lib\site-packages\django\views\defaults.py first seen with mtime 1743655957.8936179
2025-04-03 10:48:31,147 - DEBUG: File D:\Parasuram\Django_Training\new\Lib\site-packages\django\contrib\auth\migrations\0010_alter_group_name_max_length.py first seen with mtime 1743655955.8263526
2025-04-03 10:48:31,148 - DEBUG: File D:\Parasuram\Django_Training\new\Lib\site-packages\django\contrib\sessions\backends\base.py first seen with mtime 1743655957.0864198
2025-04-03 10:48:31,148 - DEBUG: File D:\Parasuram\Django_Training\new\Lib\site-packages\django\contrib\auth\migrations\0006_require_contenttypes_0002.py first seen with mtime 1743655955.8243504
2025-04-03 10:48:31,148 - DEBUG: File D:\Parasuram\Django_Training\new\Lib\site-packages\django\contrib\contenttypes\migrations\0001_initial.py first seen with mtime 1743655956.0158343
2025-04-03 10:48:31,148 - DEBUG: File D:\Parasuram\Django_Training\new\Lib\site-packages\django\contrib\auth\migrations\0005_alter_user_last_login_null.py first seen with mtime 1743655955.8243504
2025-04-03 10:48:31,148 - DEBUG: File D:\Parasuram\Django_Training\new\Lib\site-packages\django\contrib\admin\migrations\__init__.py first seen with mtime 1743655955.2707107
2025-04-03 10:48:31,148 - DEBUG: File D:\Parasuram\Django_Training\new\Lib\site-packages\django\templatetags\tz.py first seen with mtime 1743655957.8318713
2025-04-03 10:48:31,148 - DEBUG: File D:\Parasuram\Django_Training\new\Lib\site-packages\django\db\migrations\loader.py first seen with mtime 1743655957.6670592
2025-04-03 10:48:31,148 - DEBUG: File D:\Parasuram\Django_Training\new\Lib\site-packages\django\contrib\sessions\middleware.py first seen with mtime 1743655957.0834196
2025-04-03 10:48:31,148 - DEBUG: File D:\Parasuram\Django_Training\new\Lib\site-packages\django\db\migrations\graph.py first seen with mtime 1743655957.666062
2025-04-03 10:48:31,148 - DEBUG: File D:\Parasuram\Django_Training\new\Lib\site-packages\django\db\migrations\executor.py first seen with mtime 1743655957.665059
2025-04-03 10:48:31,148 - DEBUG: File D:\Parasuram\Django_Training\new\Lib\site-packages\django\contrib\auth\middleware.py first seen with mtime 1743655955.5696433
2025-04-03 10:48:31,148 - DEBUG: File D:\Parasuram\Django_Training\new\Lib\site-packages\django\contrib\sessions\migrations\__init__.py first seen with mtime 1743655957.3247914
2025-04-03 10:48:31,148 - DEBUG: File D:\Parasuram\Django_Training\logging\DJANGO-LOGGING\main\wsgi.py first seen with mtime 1743657031.0580964
2025-04-03 10:48:31,148 - DEBUG: File D:\Parasuram\Django_Training\new\Lib\site-packages\django\db\models\sql\compiler.py first seen with mtime 1743655957.7057893
2025-04-03 10:49:45,500 - DEBUG: File D:\Parasuram\Django_Training\new\Lib\site-packages\django\contrib\sessions\serializers.py first seen with mtime 1743655957.0854206
2025-04-03 10:49:45,503 - DEBUG: File D:\Parasuram\Django_Training\new\Lib\site-packages\django\contrib\messages\storage\cookie.py first seen with mtime 1743655956.7051287
2025-04-03 10:49:45,504 - DEBUG: File D:\Parasuram\Django_Training\new\Lib\site-packages\django\contrib\messages\storage\session.py first seen with mtime 1743655956.7061276
2025-04-03 10:49:45,509 - DEBUG: File D:\Parasuram\Django_Training\new\Lib\site-packages\django\contrib\messages\utils.py first seen with mtime 1743655956.7021296
2025-04-03 10:49:45,516 - DEBUG: File D:\Parasuram\Django_Training\new\Lib\site-packages\django\contrib\messages\storage\fallback.py first seen with mtime 1743655956.7051287
2025-04-03 10:49:45,521 - DEBUG: File D:\Parasuram\Django_Training\new\Lib\site-packages\django\contrib\messages\storage\base.py first seen with mtime 1743655956.704129
